avg_speed,battery_usage,ride_duration,elevation_gain,braking_events,label
22.483570765056164,43.99355436586002,34.87232587538428,4.609622106130445,5,0
19.308678494144075,39.246336829127685,42.83221993926723,56.98074946102491,3,0
23.23844269050346,30.59630369920174,33.11370118500058,79.31972332891779,5,0
27.61514928204013,23.530632222944263,40.38057705541439,194.38438286700952,2,0
18.829233126383322,36.982233136135896,16.595779995693213,127.8276562266879,2,0
18.8293152152541,33.934853854217494,48.19940561059408,33.225921545005434,3,0
27.896064077536955,38.95193220027733,45.01808213043336,124.30181447088185,3,0
23.837173645764544,36.351718016819696,32.74367053397714,22.634800553081718,3,0
17.65262807032524,40.49552715319335,54.88868502648607,154.13455269435366,8,0
22.712800217929825,24.64764788439432,59.06355206439838,76.44376740910607,7,0
17.682911535937688,43.173940656343255,20.886602034465387,95.31819056304145,7,0
17.671351232148716,31.975996046923996,33.55912832150679,166.28983237710952,2,0
21.20981135783017,50.75260872625265,33.46286475319053,35.6418215707875,6,0
10.43359877671101,23.10812181910432,30.90145348336703,30.144090744350436,8,0
11.375410837434837,47.359638031652494,57.44212262897623,70.82003368269976,6,0
17.188562353795135,31.97910783462648,42.09260791840795,151.91894255096582,4,0
14.93584439832788,23.485819963855516,41.03227738034084,24.03269622615788,4,0
21.571236662976368,25.161141659456785,14.942064533898698,0.0,4,0
15.459879622393945,26.7965269180568,54.5312704531384,77.44205707955007,1,0
12.938481493323543,34.241659464019165,26.41112407719791,127.58703999554602,6,0
27.32824384460777,35.228354880355,45.89898945399492,160.01308748694146,8,0
18.871118497567323,24.26299996061421,49.160654069372875,76.84193189573006,7,0
20.33764102343962,29.75645407739017,65.40987893757976,79.42866964419989,7,0
12.876259068932717,51.42270358611864,25.36769401321332,157.69503671278736,6,0
17.278086377374088,47.275431701007115,10.0,6.51291501522897,6,0
20.55461294854933,34.36323669674032,47.75774317130542,80.57396124084954,4,0
14.245032112888486,30.380034781682003,72.0076677226628,109.52119449625289,3,0
21.87849009172836,31.20031326718261,63.58419529409156,122.46093606425171,6,0
16.996806550405974,36.13517972730416,48.14489122911939,74.50966534045587,3,0
18.541531251033618,19.772074348015945,37.62545721551929,101.72205058529207,10,0
16.991466938853016,27.426234625766547,57.10683894955966,0.0,5,0
29.261390922544688,13.314159261224106,30.396807004432972,67.08757938330758,6,0
19.93251387631033,33.992231226052795,52.14536654034329,122.67543562772337,6,0
14.711445355220498,36.47195939702741,52.5820523874994,50.885298287266025,4,0
24.112724560515943,25.16813537700626,60.90314861248319,102.94921107947987,6,0
13.895781750144888,45.73986763290033,86.39490058366616,122.3436250401349,5,0
21.044317975023777,17.742343369976588,50.88623950768151,82.87253995711175,3,0
10.201649380601122,15.356251197901798,37.36554561438752,108.52318854982855,2,0
13.359069755507846,32.24451818559972,44.616385317120084,51.863371735769384,3,0
20.984306179345616,40.470983026121544,18.463861426663225,89.66943601519768,2,0
23.692332899977053,46.83927691457869,34.579303033664125,130.51080847946113,8,0
20.85684140594985,25.4111573713106,38.86076342830344,107.84864804842171,7,0
19.421758588058797,40.78680833431296,37.138674030981115,70.67343652180323,4,0
18.494481522053555,29.614915304992927,47.28532308050583,111.21082021453965,3,0
12.607390048162863,28.273727000591805,32.66370101426699,135.7304895318309,3,0
16.400778958026457,38.83659937486672,61.81546000986707,0.0,6,0
17.696806145201062,36.5232287841342,45.00310597377295,157.9537032477949,5,0
25.285611131094576,14.236078430157505,44.860495182920786,83.1872630659464,1,0
21.71809144784231,44.76540349725896,40.081579252306234,121.27449666201152,8,0
11.18479922318633,43.800913541474515,47.32786025788469,159.8623461822614,9,0
21.620419846973974,23.744372984904707,57.37647397001452,31.416315138476705,4,0
18.074588597918417,33.95803533437409,31.993046764336498,64.52794987862268,7,0
16.615389998470206,34.94030186282739,35.12825266387115,85.57256520621476,3,0
23.05838144420434,32.60673765823907,40.44410956835003,60.81232394377859,7,0
25.154997612479754,24.4969484615458,24.811936147901775,186.74682879184041,5,0
24.656400595580994,23.283766320619485,32.71113210417754,57.16139530866036,6,0
15.803912383886807,29.744459290085548,37.85668689683011,72.22266102565666,8,0
18.453938120743928,41.72729019259364,58.11583771069091,110.21945158014884,2,0
21.65631715701782,35.43600154594432,48.938419935028875,39.89252369619556,4,0
24.877725635611796,26.29385667913894,47.90384867051316,80.2159644121868,9,0
17.60412881077355,37.716987106483444,57.763469432519585,115.87266306250876,4,0
19.071705116680914,5.0,42.93942317400905,83.35697978087444,4,0
14.468325129969859,41.48765700372103,50.856972748933345,95.33065705500259,3,0
14.018966879596647,12.602862212219005,43.451673706012556,73.53339437758146,4,0
24.062629111970992,26.375590585968677,48.980435240994424,24.276484540961647,4,0
26.781200142854114,18.80330105373856,36.25862013582627,116.07966056696193,6,0
19.63994939209833,17.053185242790942,10.0,187.74665358236206,7,0
25.01766448946012,41.608267873785195,42.985812567205436,100.9200815391719,3,0
21.80818012523817,25.32298798688109,66.3412220414991,111.26320586237748,6,0
16.77440122697438,33.46503881730716,58.893231033623884,134.63613775584298,8,0
21.80697802754207,29.53079421120816,59.48096226886756,36.53347517266504,7,0
27.690182832329846,34.770408272231215,63.54196082709326,185.12573290648027,3,0
19.820869804450243,30.768218910602553,46.32986386442156,110.1164398211401,4,0
27.82321827907003,17.170077758114303,47.959735611083936,181.59284495445544,6,0
6.901274479551278,39.9626681944714,35.73522156848475,63.34835022380053,8,0
24.10951252187612,25.062434168386876,40.25890715959425,190.90309612789122,3,0
20.435235341190857,14.43418101340249,54.23656724656712,138.75777470173915,4,0
18.504963247670663,25.718848390340874,63.05826655753224,127.65200429261792,3,0
20.45880388267751,45.00759790634311,42.90830586478501,111.7012227176574,8,0
10.062155426995536,38.50221742113493,38.24716102722883,87.57356909627754,1,0
18.90164056081244,26.513478655921407,45.00791938284896,160.02658292369364,3,0
21.78556285755873,26.507422956815713,54.01810123393672,107.01799349240235,7,0
27.38947022370758,26.783649487826175,23.342177757996872,1.6465148206423805,5,0
17.40864890863176,50.76747983560841,10.557285702941428,44.14067691464988,9,0
15.957531985534061,33.819354522315535,36.74194725762625,90.70771239036263,5,0
17.491214782077318,34.300416471910694,26.68931361128762,115.49994915827776,4,0
24.57701058851037,40.30283454031842,37.37789703529034,97.17057555500521,5,0
21.643755548298422,32.387891590265134,42.78329521773793,160.94853948968316,7,0
17.351198981164806,27.409578541792968,38.2012738646548,2.4449067980687573,3,0
22.56633716556678,28.036501509150217,66.78701301706118,107.17939682525801,6,0
20.4853877467402,29.28398740585936,49.9011714690348,9.101038730642259,7,0
24.843224952664446,29.627777634901584,49.507115394162426,137.98561477420841,4,0
16.489734530613237,37.2762954363698,54.333107160651025,95.27706427789987,4,0
18.361689267011158,30.519458858072994,27.917503233288464,120.98049860120591,4,0
18.039459234339212,37.32640077215579,60.58667681130403,56.805851970511696,3,0
12.682425259339407,29.192834198914177,43.863535701968104,163.97324658288755,4,0
21.48060138532288,30.786351903160906,55.05720925861819,152.08623320294257,2,0
21.305276360899448,10.017993154678923,28.92214150439767,129.17721515059438,7,0
20.025567283212304,39.16327674702482,21.693618509759034,93.52413765682796,6,0
18.827064333124266,33.46488475897993,57.26834487037543,128.9928642647566,7,0
12.92314628974793,39.98010109859652,50.64614289146275,64.65537160063255,5,0
17.896773386173205,5.0,31.469226684637345,142.7777829510356,4,0
18.286427417366152,50.883747047807276,31.955053780879584,182.47404471619603,5,0
15.988613653891905,28.60410371844826,61.88152176622154,153.53052799895931,4,0
19.193571441669953,41.081828167375164,27.15882160699008,63.519876509629526,7,0
22.020254284072692,19.60094072874469,69.64009429883944,118.07086586365514,5,0
29.43092950605265,36.1277390506257,31.49068898028197,35.34292281206761,6,0
20.872889064159196,19.46584436826344,54.57587888412574,128.61951555878377,5,0
21.28775195361382,23.76231039304195,40.07072286376523,122.53017064312695,2,0
19.627770421169163,49.14031353866786,54.047811466235146,6.509183023391799,4,0
10.406143923504793,28.093175992366533,36.838289968287114,41.91080780438181,4,0
19.867430622753915,32.17432873179723,42.558106408915584,85.84305516281164,6,0
20.301151049705133,38.70067730688754,45.61378763093582,84.95701264295869,11,0
32.316210562426434,34.95681887972604,29.96718816327791,39.52615322905974,6,0
19.038195176094387,31.504189051435766,56.11236518130189,119.44893646760919,8,0
21.507736711668063,33.64961002466225,37.30179650292622,112.57368044702561,5,0
19.826441151473784,54.03415585238275,41.571001269899725,90.28654340107403,3,0
14.156609811902339,29.423812029664145,30.084759380872317,62.210424992081855,5,0
25.714114072575104,32.010990467149675,10.0,152.4353563208282,1,0
23.759665163433873,40.50654396007612,42.13458356099746,182.77035565441474,8,0
23.955159735215233,41.05525932957984,81.18923132419374,75.82192580767315,6,0
15.453062726026305,41.8703030556038,56.769064318470356,69.39165414225897,4,0
27.013971554680495,36.38730222029184,44.71109430398408,124.56038327059981,7,0
12.990744686038596,18.569950872695166,41.05663756187599,82.09853101265068,1,0
22.934285469001352,46.334315323010955,45.33698839218069,93.03013996683829,7,0
30.952278129049894,18.53654606981312,53.20678672762815,136.9826575862336,3,0
15.047318374346558,33.02635465239033,27.287807770367326,4.532195624635364,9,0
17.16851135198614,22.457241499806422,61.71482542003308,165.91511624263347,4,0
20.498256825438204,29.358616534070073,55.73071973161866,103.63402621646706,2,0
17.482621729419005,33.2876241030348,55.772785885619015,79.425342771891,4,0
12.246682844669337,33.21357215450273,51.57713608214591,95.53829228892755,6,0
20.342814874030136,34.21920754235285,45.294249865409846,98.12146775102593,2,0
14.688481431369475,46.13711269058647,55.0929185395023,13.439934827753731,1,0
22.36796215317591,34.5353430151398,53.87721200612067,174.7469113726618,7,0
15.402878828830985,27.558433647093512,39.68938933588464,102.06628161353092,7,0
27.749672025087698,39.64087168288357,36.39597340654649,122.15010652236876,6,0
16.083733538318814,41.894704889246405,46.527844428929804,147.57748852870213,8,0
18.38969241897162,17.723921848630077,68.23530227242782,48.94187712198499,7,0
24.067586086848348,35.97400069849858,26.413393865191487,123.67359495176143,5,0
13.845678417830225,37.01172742310898,22.9871210137134,86.61794545506032,6,0
21.137299673020646,27.024364966400082,47.47141261854775,142.3385387608247,6,0
26.53571377141214,43.75706813311619,45.76331552784027,0.0,7,0
11.962583827193862,28.499444129674732,47.60012496555612,95.04528498793655,6,0
20.92316929266152,31.25576453471542,48.659297968627506,69.85896721080192,3,0
21.299413971242117,28.269281757161306,41.65196618047792,121.61314753170777,3,0
23.90911435888655,30.155790475814676,67.34795157903123,123.5022093684101,1,0
13.81524644560959,19.037249131047982,20.986440322852268,64.6187052588987,5,0
13.397716934578618,15.599491174057057,32.57254462829631,64.39130679119782,3,0
22.60970782808449,45.94505063224972,43.45117859776429,94.46673157213353,9,0
21.48492336616593,21.530386516816723,20.352167832687492,55.167888634239596,8,0
21.252464251729382,20.086076505436928,42.362183933518935,142.09918477260635,4,0
21.732241047484877,8.466098863962852,69.92205248592028,81.5396399776277,2,0
16.599876392107547,23.610382523104978,45.313297324439425,0.0,3,0
21.161268485805017,16.76910206592502,48.460513585780255,81.2588971689097,2,0
21.465362366493405,46.42015160136369,26.097528522411295,48.072808957801385,4,0
16.42824290986816,40.09817089342634,35.75457887940784,18.436209226952727,4,0
29.328872555723784,23.118496548222762,39.37205429514094,38.12866808887138,5,0
22.36916460455894,52.52435805344309,40.23427354865649,105.4704235916485,8,0
14.043482513986756,39.81765486991594,64.22465692505654,166.43204141241156,6,0
23.28276804316915,26.751686164913774,53.36536591087687,115.659223693249,3,0
15.126591648863393,5.005942851264269,28.32813064594452,69.67483058921302,5,0
23.93542301871226,52.90942572590742,48.697571676480074,122.79520975853514,6,0
25.79297789503702,16.10427533236404,52.47332622745178,77.04548448905041,3,0
15.896588408241447,13.546012530431081,62.102235577819,65.26998154184277,8,0
24.81688064622161,40.225704320096405,68.70811029852561,42.28186658835078,8,0
22.06390463468249,54.39752406339273,29.773587122581972,12.40855966241405,5,0
24.11030079997245,43.84272818510518,32.83713733184493,80.50381467202773,4,0
29.483964913269737,35.639091200523595,26.136332116280755,107.9026744960066,2,0
18.773059419985646,35.94754341665286,41.48970211339528,95.16881649925551,6,0
16.23131917821255,38.53415558780308,51.995375616695014,79.20165360263206,5,0
15.552427851872384,37.589285897867654,59.81001774883653,52.712696965160944,6,0
15.920948575172808,32.811914239693756,43.86073464536216,130.41230958424842,7,0
19.614491452929478,31.042011039518762,40.202287151177345,34.14340400267075,3,0
21.70575987408322,29.374068721004775,47.27636988373111,138.80139569217377,9,0
21.383453996650097,22.46035411133324,32.472856475549655,49.889149053663765,2,0
24.13591624518012,27.19324923133226,76.3430808254216,62.37823813234825,0,0
20.065009459389536,13.070431858046145,20.88508459322912,26.66074046921615,6,0
27.267670385786584,29.016603732052502,47.77110868343587,74.92989265571816,4,0
18.67671583381022,20.114088928490826,75.35409328844459,148.76562292389895,6,0
33.600845832948096,18.96410682784229,45.10199766839997,125.78140442219782,4,0
23.12833673882503,31.798941511534785,42.14941447497758,148.92110560140176,5,0
15.714212217918586,43.92002286344599,39.63831865784359,126.10712729669679,2,0
14.645537509694439,39.183166060023126,42.29412477356388,44.81650857348154,5,0
22.412362076215928,14.29499396376823,65.59272712014796,83.46053878362213,4,0
18.882686073370746,20.103718634296627,11.822071330057398,60.99004354412686,3,0
23.57000247046046,39.40771187988216,68.00150551944489,166.528745201952,5,0
22.366188122867726,20.175126064616904,23.640642713247825,40.16056767868442,3,0
19.635855436715637,27.753668500029754,41.00021506148378,144.68488446945554,3,0
15.766031409657975,35.50052099024552,38.56133369552008,144.64769350543847,4,0
12.425763876570677,20.316555451363648,53.828299046560794,191.48101008580437,8,0
17.767425239664895,31.053755061459597,21.028134721743786,79.51567036852514,5,0
24.28199397161736,16.659745050817953,51.93258999122914,135.61610797900812,4,0
21.07046872065102,23.98632356048786,75.36464434930278,214.08259182694212,4,0
13.77130610644006,33.19781934142537,24.552389931107843,69.11791615331516,4,0
20.86590462925591,14.070062664683308,47.84559251415593,23.247987623382016,4,0
21.926586898644185,34.40474737960399,35.070267333050865,5.999498304611819,7,0
15.580712818994336,29.80362201073319,51.388308092895535,135.63560144306658,8,0
20.76862552972764,35.524899544171475,45.28721666123628,5.842489597070809,7,0
20.29104359223,32.23914134064661,35.37769636433536,81.38404735310385,3,0
14.285148510846884,43.64140429973844,52.31808427306611,121.86565935194804,6,0
21.788936801741418,31.252245026479073,72.06522164680115,109.2587768414957,6,0
22.80392263184117,25.70594458874747,42.13644312409052,121.27224320920861,4,0
25.415256215876383,31.22297503032284,55.79636913222273,111.1144927900427,6,0
25.269010260174515,35.43298029036388,25.600905631932545,163.94329066566968,9,0
13.111653160214544,30.488600703257042,30.65345434772987,52.38418096306015,6,0
15.310874800424386,30.405916912038823,52.08609416820566,66.15024307707344,4,0
22.5751763360433,22.980083121932445,67.26174042803947,61.3670277364588,6,0
22.568929754561044,23.37099082449052,50.3342002317849,141.5095905931305,7,0
22.575238431530238,15.973947282003065,40.30412954215269,145.01992941975317,4,0
39.26365745327361,47.495767431869396,44.98937108135031,122.5612659659254,3,0
22.854452553465833,17.56136764608715,26.243883990454236,159.1746833444964,4,0
25.677828200902994,23.070948022040927,54.0677298953305,41.09795663118096,5,0
24.770008817466014,22.815927344308026,58.234995934851135,183.36120557755686,3,0
23.25695625652899,38.949243769444415,38.218645007503795,176.1619310856129,5,0
18.42365377679827,27.050503217079722,37.94936778360748,136.78109986228733,3,0
23.794846102466337,42.477420726737336,48.98817344478073,189.089945438553,5,0
16.13587392731214,23.265093757561317,38.44920395939107,17.168839616111313,5,0
18.815906966299956,32.78994162223802,44.008010780612665,73.7775931868674,5,0
17.573182260854484,21.646529467402427,76.49582683749773,63.234826965902386,6,0
20.409370696931614,51.45149127773388,41.29461448881005,136.07396618786717,6,0
31.573292833367542,18.124015809704872,39.62489771968167,47.49296301989272,6,0
10.66367403704126,33.09820710227027,35.286872915472614,137.87475746687429,5,0
23.43130095187257,36.337768809320984,56.16287957249905,168.52680719983567,7,0
11.936420644051742,34.137990974514985,42.28163740172845,134.76014500419996,3,0
17.640340671052833,28.147123411222918,35.25940442517861,114.18755118307506,5,0
25.444752984836832,28.701793002665738,64.81956048409518,50.60633295496254,7,0
20.321400095477316,30.438114719791095,66.29404506770456,57.65745169373177,2,0
14.611276110353469,28.529979983715116,35.99364651391942,162.48094526483334,8,0
16.42348145370016,39.638791167949094,17.001900729590755,138.96745019526662,4,0
23.39798874467338,52.10523001591351,60.11270534755383,98.0490240311228,2,0
16.34816684141432,24.425082149921664,34.73055261359994,79.10452271170547,5,0
21.082292947909874,16.301970204209223,56.85938398744153,0.0,5,0
20.22785919951907,29.11717951648745,15.448442734322466,46.457379065778056,4,0
16.741998261970913,55.79709337654319,58.38896007448964,195.57095435698616,6,0
30.719720446626628,21.963254320302692,26.83242106078828,35.977221449876666,8,0
23.169595111590056,46.391168054440676,55.96146178599787,109.47399106105404,4,0
9.874287066711965,46.77700814076441,45.21409601754651,150.37219865975993,3,0
20.93227157384714,24.464117582920053,30.690908709050326,37.25386659988538,6,0
16.69106767615806,35.689830791852756,38.894455306098294,109.23552373905416,4,0
24.26216667398112,46.283966231285376,55.294776854350516,146.89577687553276,2,0
16.037396307836495,26.208722590125127,46.58841679672852,100.62496609536251,3,0
19.426317792665504,27.964196398976384,53.766194707087266,243.4201527833384,1,0
22.524936394902287,24.183190860513562,74.64660876773229,16.570037056090243,9,0
24.328775970850607,19.852432693071332,21.53637582433423,152.93642649419394,5,0
13.998517964721119,23.50722454933993,69.25818862452937,91.35991313017678,3,0
18.327493820795258,17.760597332377436,46.565339062848196,138.59600774183374,4,0
17.62527344419522,30.34083468259226,31.51823927515308,122.0653575849623,3,0
16.73335383713144,22.30026768941358,25.04529561391515,63.34219014450017,4,0
28.827271201405484,32.33785911790748,42.163194138344494,111.44981962296701,6,0
22.024908554804778,14.441043537963727,58.82475167886689,7.104927430085638,4,0
13.695580228324774,33.30880232214457,43.08676319433699,130.1623750285697,2,0
24.58930973527388,38.33528961608925,67.66732395371021,114.90792329952629,6,0
30.610780985063165,10.062643574285445,23.232364649226618,131.93300843215513,3,0
25.162326302755734,33.74056569847572,44.81866578230918,152.90591625435752,6,0
12.403150170229933,42.27668992473292,26.214098333803214,118.38099201048554,2,0
17.578829635668743,17.903589813087947,50.45447823937452,107.4044709899138,8,0
26.334555745933113,46.72572386837703,58.30331085145951,55.94658316693539,3,0
16.461652671906094,34.190190093660455,38.6885730947842,64.38896181754745,6,0
22.219097140731144,22.94988144241591,10.0,159.33673100886654,4,0
23.873170267146683,29.44230922342294,47.98422220194742,171.81677028529893,5,0
15.365347642109585,35.58326912521722,51.55107827600264,88.0944781843973,6,0
19.702373219691,30.760053914124114,51.06442132442547,102.3001373626637,1,0
5.0,35.387559924463694,63.53673287733231,54.7692812503117,5,0
14.878061793328552,20.793264069206337,28.934194805264266,158.63784226337225,7,0
18.7371592430342,31.69360824036078,55.20324158175674,133.27084118458893,6,0
13.761084090175753,15.862855030950199,62.88761268716962,197.06087182318745,6,0
28.162056519658176,28.887739386512997,18.321186239902246,56.083846141013055,7,0
12.849293110196836,20.960923585352102,49.79477738878466,81.09960504908915,4,0
17.799777566515083,22.644700574102334,37.43730253488493,111.57229612627862,3,0
20.653702886430455,42.36093175210438,43.77715990347531,132.32447688628855,8,0
27.206366445330577,40.91310120594269,50.215147253075045,89.21661812261839,4,0
12.820689244102804,36.09138120907177,37.691571538296714,56.35194547731498,5,0
25.815818760774796,19.07687235327421,34.86437881257582,144.07037644617856,5,0
20.051165305097935,26.835915503051982,45.512286262320366,136.0567681272791,3,0
15.092456744760245,42.130976999791834,28.69131091705796,54.18629497181375,9,0
22.310517371316354,31.417169136399046,28.71262306672222,167.7721400552748,8,0
20.99529847786735,53.19329539981695,55.19059924434755,158.5099354598302,6,0
16.998915614206027,33.93317839394372,27.768089472620158,106.71482486238965,3,0
20.349010424950094,31.920491164900316,54.994687513638176,103.97989311880183,5,0
18.0734320156912,26.908835357974986,51.938869392809266,127.70288855579535,5,0
20.56758672625624,31.33540904782282,19.11289906814105,56.91484648718709,5,0
23.310653372605234,28.475301636194562,34.83653021496517,101.5015739582041,3,0
27.93008408072676,37.0810867668859,62.91164104571059,0.0,7,0
13.810922505865754,39.56702316794584,30.282517032904778,143.82278227514678,3,0
30.665166873281333,22.140105394920504,38.033936065359185,21.925338877907024,0,0
10.239561002387491,16.68767046442222,51.93091339877844,175.17099142144997,6,0
19.241074524822082,11.637946268967035,56.75085763923893,83.49399530167749,6,0
22.941586032422883,35.079913269125434,41.22691670933256,89.41665090344115,4,0
21.404959338675162,18.966333938261265,36.03734707962538,68.61330469577472,5,0
16.88650240089703,8.471094070475171,66.33554792547761,85.59805630389619,9,0
18.959388748213623,33.885786045309644,71.08349495696368,170.9265672574018,5,0
17.534995326705836,54.92999517432791,59.68287076172693,0.0,4,0
17.053176215278942,29.939290884601068,46.27977213847536,163.84826930440937,3,0
24.248010485105123,38.38490774451642,32.8760141753861,116.9011740550854,6,0
21.785077429825236,30.81829358547565,32.54333390165152,39.648917607139225,2,0
16.535452023696728,29.011103468088574,52.837711578986365,46.23438034753811,6,0
24.497999377166252,39.190764829877686,51.275973313330255,183.81965136041015,6,0
21.536497604383047,27.097254558113487,66.02397889419645,52.72465600286344,6,0
24.0643105941948,32.673923140719026,54.75675138804209,42.33247447020203,5,0
23.14814420961806,33.216978061960134,22.45379547360273,156.86572711823646,3,0
15.855024945389639,23.31909546356951,60.77921426584378,116.92764381429572,4,0
17.199094799015153,39.92042349536523,30.029090590283808,53.103721173180055,4,0
23.736468025616308,28.250402433045913,39.24043092071473,110.83124877023096,5,0
23.051851327167324,22.442548405071552,48.75300309377542,48.71236581798614,4,0
19.89549203017926,35.365098435704034,74.93501234675946,155.04106992113026,4,0
20.58663691654391,21.015320182089628,91.64877834008041,153.06854824365666,5,0
26.388324478942124,30.281811573691282,54.10084588704274,126.60030994109715,5,0
17.04214305582085,29.908810033557966,42.25205071919418,118.08305306235083,5,0
22.735486905850188,40.85895565831578,53.01758472720825,188.0594062433687,7,0
18.98903673783053,34.746982328799525,58.31483138810754,99.98431636941126,3,0
18.9115939838639,29.749730412548562,40.189985616642126,40.906293728959945,2,0
25.49388425993595,38.17766299200287,71.92817033868484,122.47369564161534,4,0
24.12708174494015,43.90207549017313,48.45106138787103,204.30235247685567,4,0
24.067548180003193,35.578103063518626,52.46614633637091,49.262025340707396,6,0
26.527394035771646,30.103526198433805,54.98886378081692,81.92686166530072,3,0
20.105019208163796,16.881637676498404,51.32379915921683,120.82230190507264,5,0
23.40976485647482,19.348863369246274,57.58410750704418,97.30475754971305,5,0
18.44866621703272,26.947752956453325,35.741202201796156,50.88482098113427,5,0
21.62083176244221,23.904877978407168,36.62547369080954,156.09289281152354,5,0
19.349284728161578,28.13028697014554,28.497686505424575,216.00203610086297,3,0
20.48497982496359,30.56649924897107,51.59251845930339,109.80657295119536,10,0
22.97578512718457,35.29692754356731,56.68404755268171,54.796585513199986,5,0
15.908896583832638,29.295012219409088,51.866592992278285,22.551973747326244,4,0
30.461936378427303,34.86501643826202,70.11738650021306,112.89879906105904,4,0
14.96991309250149,30.644744148101204,44.9160597175643,155.1938671658129,7,0
13.92905693606134,10.245334336461287,55.03112483388769,123.75838732476907,3,0
25.790554367500338,20.606646061812455,28.624486857910284,99.87980795405731,6,0
23.95831346981468,28.559124442783844,39.193504462883986,70.53641741053468,2,0
23.120599085260775,17.903052571588923,55.43306636348666,45.39181836409551,4,0
23.1417275463214,35.99928729996205,57.73653166114716,141.7375663162441,4,0
19.938766135765427,45.30750832343698,40.59049578503726,145.68858106927928,4,0
15.513728142570843,42.18761851697317,43.926011222129,22.713510665463346,8,0
20.37902279096863,27.865571290697922,22.23189379978786,179.4919489090342,5,0
16.61419144243944,44.90726136849952,39.64456198790086,128.70356104470005,8,0
24.875598667088756,31.486674572021116,58.35574745279679,169.97973225728967,5,0
19.264713092489306,26.629140288819606,53.628075241598495,32.89361257574424,7,0
15.872514016037442,23.8659733645906,52.50998582071814,31.708792229228052,8,0
18.393070791735035,26.975303135118715,45.746605307714404,92.55153451163515,3,0
22.06465727137812,26.118231814587713,45.105947379422645,125.1392213447597,4,0
17.181377235980126,31.704162223754878,35.09518290789829,189.81804114634818,6,0
15.888898022167844,31.605739810498648,55.482426303038025,135.30394569075656,4,0
21.218436057459563,30.030460201534144,51.314594165840845,87.86593615939833,4,0
21.224832855543614,34.369381697463496,52.38028271989199,48.68153961670539,6,0
17.46528412314435,41.906462747863415,37.10947735998629,161.5000286359575,2,0
17.644808471908387,39.495541354413234,12.699856201931333,51.76472871246426,4,0
21.16024968678818,15.151020315500965,61.45729067630543,181.42342773861608,2,0
12.759578292513378,5.0,37.81743815987394,85.78076751967453,8,0
12.962681128117223,39.34319911239274,32.058363539353195,179.5291036308925,7,0
16.40777889373782,16.33121301584579,55.4021836787099,133.94656450296392,2,0
18.932764241440765,27.752345981073166,39.11981040121306,93.15022552787708,5,0
21.554537827990025,18.298869739406406,60.89904576069932,74.03018140869366,6,0
27.376781084747762,11.980195624199801,54.25508924365046,82.95460613269601,7,0
24.288298116010097,35.41462728204788,55.253539848007165,121.41583461876188,7,0
19.200307350182864,37.59155160302647,24.510664331991986,103.85782481088583,7,0
19.904918960486555,24.234895992732806,63.179159780796006,70.30942959656474,6,0
14.987353176810956,5.0,48.91875796850784,91.71842948411839,5,0
19.90743432003805,24.537555517475173,39.460842911306955,103.9288514859575,5,0
18.55670680539931,33.91804005402547,47.15082701013377,0.0,8,0
21.613592801690448,15.210884312258713,18.3564715065252,122.90840573943493,7,0
15.863845282238385,31.833599197791557,51.12979217221006,51.01393876415966,4,0
22.596732571205862,29.846901508270044,29.559427377268925,42.33337983971275,5,0
27.66369456501289,35.792914996010886,24.709945712346983,15.632782644464484,8,0
19.456199257715713,31.19580368414153,22.164612206731633,10.305375106605482,5,0
22.008558610494706,20.269310591184443,61.69032562484888,32.227624844385545,2,0
23.450719958555563,41.965715016644914,35.561049094608165,64.54895211847548,3,0
17.993897640570818,28.4147042697303,68.00591564874749,197.6629568763284,7,0
21.120462409052084,29.72695460490068,36.96297805421553,73.7060162052398,3,0
20.062962003908975,20.66732040926804,19.3896306361058,108.88750531340156,8,0
20.48838049274416,25.567177488084898,28.252133400770113,120.02406932531643,1,0
16.13495108072267,21.15197285973099,63.537174300104084,106.55325931079244,5,0
20.122550871294713,28.27053940076577,42.66152733094999,96.12782696370031,3,0
22.489991456227248,47.11708480142343,36.77569055264099,40.235311820037765,5,0
27.25571803897521,16.280988570686436,47.40027338779181,172.5463774139606,5,0
24.796354130426035,13.86438602123259,52.52674104251317,190.35983218189426,2,0
30.765912287557782,44.711703274936085,61.76098223853691,15.867065293865707,7,0
16.163262185559752,27.90676322848134,66.7274884483939,48.79857045568102,2,0
24.361603183603393,23.309272613400836,39.60347031316371,86.0094828811497,4,0
20.91671002869176,40.39904687396076,25.109284708769426,51.77311025449043,5,0
30.94901466608836,23.94384460263136,38.79802258315086,125.29827767279326,4,0
15.958508573224243,48.260097135469366,48.90420759874329,63.58638987966935,4,0
15.80139078909612,36.77925871339269,30.543616106840837,208.25280339033012,5,0
17.00303677277989,25.120885918542974,30.642736276574357,159.5274297171798,4,0
9.380521378450965,51.57308213265503,50.15681822324828,110.62870153161074,4,0
17.371224891596196,23.942850769966615,44.270214726443236,151.34931316598662,5,0
16.20433669223151,37.42095372009307,45.4919549311738,155.29502121786544,7,0
20.75196893238104,32.99292580406492,33.62256997949896,71.80262559708784,6,0
21.708779878885796,43.01741289398798,41.54398928691349,59.18913777290176,6,0
29.380854196079433,45.615111967268525,31.136502835975435,103.90715314848237,8,0
24.75211919093025,30.320041490657665,58.3529761668718,143.0818062248972,5,0
17.115481721687985,22.465821296538167,60.52874002085629,106.95301993267088,2,0
15.50792664325821,34.59972142939117,17.30718206642859,21.150175890450143,4,0
22.459595857532527,23.22284630247894,31.05733709711385,59.85877780245789,6,0
13.398833964896788,50.13387247526623,22.552061173648813,96.3013568202811,3,0
29.15729382927177,31.365353310827373,35.249640983896526,96.21671978370848,3,0
25.897200603606436,26.346784486878914,43.748430453144586,198.6271088394904,5,0
17.654121739476476,31.846803058649083,23.25532170452205,30.7006028800501,5,0
11.434327354545612,16.528737104703033,31.172102803120303,125.27946209179373,6,0
26.769361870827062,20.283859614893487,29.940639418777522,174.45565541641446,2,0
19.42730077373691,42.00413907944426,48.10900994098416,213.5724872711398,6,0
26.189081559867308,23.431057210286042,46.04016505554375,79.78012884080194,4,0
12.027861706028165,19.5308901731806,34.1739366999412,124.57147263600999,3,0
17.003124885231134,35.36652752527286,47.65231308209097,128.48801785993234,4,0
20.026218498590914,41.85704154662997,36.79979873119102,109.77408657766455,2,0
20.23490296882371,37.18953310665067,40.9251733451092,95.0577399380347,6,0
17.74967264260378,39.960476858058165,70.10178135447805,121.7987694750023,8,0
23.114249661737492,22.432049114305393,65.10691577685522,0.0,5,0
14.661897853087028,15.781893332581562,25.506281446086035,134.10347450313157,6,0
19.288102574893532,45.01333651955487,57.44598626818762,106.30889518309836,5,0
20.601478158559495,26.773201611578642,57.170948317373885,88.87625516108673,5,0
22.572194170293745,27.491669835449528,27.776050668710724,202.3431097859779,6,0
23.55807439044445,43.281941418490575,57.28166465632291,66.25329906047239,4,0
14.376789540810654,35.5623000940066,68.06897877618829,79.84620054674846,4,0
12.329429146321889,34.55887772081608,28.16182790633379,199.5776651102367,5,0
26.388384109492545,51.65002344901084,31.237457684786044,58.39693475750717,5,0
21.661570059897958,23.56481769619857,60.26492200265254,72.49423585317305,4,0
16.25756731721723,39.278401280812375,49.07242966238472,92.64872882845751,4,0
27.755759877612615,30.570131248970846,53.27214412859285,142.03672410647746,7,0
20.578373171464293,32.68592278863257,50.10883824600745,110.39012536766568,5,0
25.896485920319133,45.28468426412532,50.86043881392216,35.368732642386874,4,0
20.337592407050543,35.07835756289624,25.102918075333754,73.39157184364052,3,0
30.303739624409936,35.38296079049633,60.70976559932173,69.63227833938943,9,0
28.77670421221602,40.72507337309802,62.5438498864166,96.13894773884772,6,0
18.75517925760463,26.350472704571146,41.559138838979585,121.29218293149145,6,0
24.85785475477178,21.607903326609936,44.34784575279206,120.91028779439861,4,0
23.226879747925736,19.551908059789664,22.03338746166417,11.199412297579897,7,0
26.843157787661745,10.336434106239981,52.71382134026752,153.1970493780428,6,0
15.175382697099478,50.56207129940322,53.58086162571216,112.62844229983118,6,0
23.430257299992196,18.96791634278317,44.067134745010335,169.2266023796953,2,0
25.29212243424794,27.78746376414228,61.86530039805754,122.2099163645336,6,0
11.206302567884428,27.231867001110793,39.98884153530089,155.06614788678812,4,0
14.083707436671125,33.07406697809101,53.469088888404,123.32726557250635,7,0
9.803839111199498,38.15737212539297,29.705034919618264,167.3112878101374,8,0
18.652965827777212,38.60473488359745,44.64671773688643,126.11253180088893,6,0
23.58771127897981,24.169225614310616,42.384686131457464,95.1042376778548,3,0
27.51178526048014,28.328782862135885,48.37961883061412,213.6217360223441,4,0
20.370473902098876,32.825799504882994,39.45709606749962,144.4518561139946,5,0
28.143077727856458,27.51308873816453,43.027911064924986,128.68722105022067,3,0
13.099492708925542,46.07345576019993,57.3907075716226,36.1847791730832,5,0
11.483087803224226,34.90974951638251,38.44853644142674,35.584619126823114,8,0
19.722261505516904,37.348777860498174,20.90134348891981,114.63577410709267,8,0
21.920327244696537,36.628812686674124,71.24375856308131,107.27605988841204,5,0
19.836526259529535,41.73473857485325,65.72181118035729,69.29387174958418,5,0
9.662789499800617,31.81021558703707,25.616059573415722,107.049134980603,8,0
19.55439980243606,17.031680520441533,55.34561707867792,179.4313464021798,5,0
13.477652497475734,33.996879517526416,37.455378441729856,134.77012372751494,4,0
23.348362744150194,23.48643106208171,48.952308229965894,42.949574512363085,3,0
21.83299123048424,24.713833182502434,49.4133619352024,94.42455864285282,7,0
15.300601068363225,35.863640187550935,41.48388299525517,59.75167595737196,4,0
17.430665413316532,42.38283071433636,33.24351501620406,80.61500417957194,4,0
14.703932390555241,30.212715767360617,34.64188421525611,79.31921671851786,5,0
19.68660451363414,33.088330125989636,31.257121267781365,76.11772086979974,3,0
24.775711602506192,47.02214944635238,32.522666876543326,37.243231401330256,5,0
15.071369768322281,32.407531794885685,43.99232564925967,93.61726592409049,4,0
22.520232577589223,56.01683114180395,34.26360016333872,71.9696181576345,6,0
17.348711908137794,35.65509645631544,55.2307809856893,0.0,5,0
16.03563583868828,12.392372408441823,67.30869233003891,202.64860122508315,5,0
19.464848200227213,37.53341621104533,36.29920137944936,154.4384827108336,2,0
14.823788387903129,33.81158384882778,48.591067508030655,81.1849637537502,5,0
17.23175347326409,42.897527540827454,52.49527665454401,100.94095248702992,3,0
14.010610537055758,36.73181351269958,52.080034063789114,41.41728263412191,3,0
29.823625664581947,28.61544016016226,46.139329018741314,184.78614389054326,5,0
20.176317759858645,17.757017637106344,56.140236275395836,194.86443473865558,4,0
16.50137246003707,27.909767427139748,52.23373429020986,107.83468641232623,3,0
21.06989955367111,21.494795457907,26.43506366509053,151.17653220926724,4,0
19.43835975154585,24.194765501952773,58.0373409658391,108.7643389466962,2,0
18.895152002333884,35.8857840442061,58.30936255900113,33.16372805620347,6,0
23.070833500217127,46.69904504351406,33.550708437321276,79.40883155181714,7,0
23.787538550236526,33.94671529822981,45.56906753171403,106.59639833859785,3,0
17.34749426194736,18.041169379648156,55.24993489216604,77.27261406282778,5,0
17.1209087967766,34.446026682201406,41.86029270630958,89.0673361282482,4,0
18.62474151424178,41.966314866456514,61.09467071649018,95.43002212454428,6,0
8.490394176322075,23.902170956806177,80.45808741929042,95.95607510672693,6,0
12.42404468900724,28.659828333270823,33.210209510475266,102.61292452487416,2,0
26.834371337222624,30.14688194729197,24.284330952693377,46.969746680169955,2,0
28.224838567506417,22.1510168691776,49.55727893407314,64.14919254360319,5,0
18.75481980221811,36.48280433843859,55.823437576892154,35.770786715001535,2,0
22.882784815278832,28.790518513922184,41.53700439232846,148.89077748431,7,0
21.556250772717682,34.195324439070276,66.79890994981551,0.0,4,0
35.39440404227619,21.125078221979,24.920913004151267,157.67951716584628,5,0
25.597874557172883,25.625416996765896,55.393779345474165,169.31746986314215,7,0
19.360412042596167,37.22381357827771,35.9120876886166,84.89097065086892,5,0
15.222297796997871,26.27166847908233,70.79066859310944,0.0,7,0
11.967768398712138,47.269638512334055,74.88773029752177,81.93447190163548,1,0
21.017318179336115,26.003638143853976,33.500151183249784,96.79079193555904,3,0
16.218246273578483,32.24684725751886,36.7566429613713,49.47008900355433,4,0
12.88873145201163,39.325908318730896,57.89381830469703,74.23908030958786,9,0
16.767135578787368,15.816342670669684,39.19304025315728,176.50975994316758,4,0
14.592259981928025,12.39191188019224,44.318831731016424,133.24635811508705,5,0
28.435708175362823,14.743436854299052,45.38082630813615,53.771794281095005,6,0
24.408198784747253,42.62584103427182,16.204902657035156,20.120041520228398,6,0
19.960136793416915,24.481418541075534,44.79243380858644,83.64913411951144,3,0
27.39972069445013,55.58199285668252,34.654083389037396,89.32716103247809,3,0
20.38684153823809,24.357524013426115,37.60315766400342,124.80995936816582,5,0
15.693578993358681,31.84551303197037,66.65448005203221,73.23416437161706,7,0
27.615620386348287,45.421099525678756,26.152396585811154,125.57497876809308,6,0
22.694550218423295,50.06092888159123,57.19807780121966,196.75770200301145,6,0
14.813769228367718,50.615035766363974,40.81555604502287,140.77505112221314,4,0
19.04830660958196,42.083662305931426,40.80359747256249,97.59557463346137,7,0
15.621908733076214,40.240625258114626,56.85557844077567,90.84247644733526,4,0
13.08600134517832,35.92526949201183,50.10076941853336,82.16634329100644,8,0
24.630887737658206,37.78361076166638,53.55919495829296,159.03204562260723,5,0
29.547083202350652,24.488142836714665,59.52276990799292,68.63432770243486,5,0
13.007162130904295,21.81801116577693,40.030374252250155,102.26113544999913,4,0
22.814846183452854,29.96625542589048,35.81644898238375,102.55989509405427,5,0
16.746787154390866,28.298153774750716,28.722742101633028,74.9107903594234,2,0
17.56437308117652,25.46771950672725,32.61884205031567,31.376722605794953,3,0
17.038030378805654,36.963874474567156,89.23641637963088,116.1487251808834,7,0
15.68004615160092,39.553052085705104,63.6701937110518,96.94980140723082,5,0
20.242608139724133,30.884068862918472,24.73388450687968,125.01202347182848,6,0
15.84524941794481,44.77530081055262,25.163130648846447,73.31998467804166,7,0
21.352284128899193,18.58310885866495,52.22799092577737,161.0410649406524,2,0
19.748809452754315,28.06340540720282,53.2089719606695,56.16131093940776,7,0
18.80525976566795,22.83177679397195,53.233257529760465,185.60201420089464,5,0
15.462181689792011,11.3346338292694,41.175663096694535,12.618174508586918,5,0
17.116143347158335,29.17319314157301,43.118186099956496,121.73850322784456,7,0
23.77695612912878,28.782524916167166,49.91819286239036,123.77153412633118,6,0
22.504585938121902,45.13449743242131,46.28839509439996,60.22214660295588,5,0
15.112223776007244,36.30811684554777,11.710494408786971,121.21969689305062,0,0
20.49666152714613,19.75813175670795,41.553005541372094,163.97593348800794,7,0
23.756935616858947,48.54092566334188,32.2289034860953,0.0,5,0
11.652973594393142,42.21033695525353,47.62817128362768,125.13724037454074,5,0
22.716800961899676,35.82097703468616,89.77888503905115,0.0,6,0
16.686881205270765,27.73515901150168,50.51222498211457,51.716759823839595,8,0
22.852993342965796,20.405607632765204,40.297054707414034,181.45831824504725,4,0
16.183704217287417,26.27793223928947,58.827022529658784,70.9108983303973,6,0
10.975589496677404,40.88748619704186,52.24031830813819,41.30600177955137,4,0
11.862287810584187,48.84586305934609,51.30141735677762,90.10311355076591,1,0
20.24042473330691,45.43243528272189,54.10275889823507,203.39531690817762,3,0
21.29861250860741,25.111505782137257,75.84815347244312,8.415887639698695,4,0
15.478416874477958,18.803825667109887,28.036673470111264,47.43450441803277,5,0
23.19296229388687,31.40886246911204,52.104481152171815,174.8715841589813,4,0
11.6923996886552,12.315606344371485,31.104283050276923,192.88511717688664,5,0
19.66960100676342,33.23167714184781,53.33268969513372,94.8284387854858,2,0
13.944919001187717,28.52397413701331,31.219702327708582,38.047364873667874,2,0
16.740819460989204,25.339634981317577,38.73949779592373,204.79217509045793,5,0
20.23699335658207,14.052969327332045,40.57365128643141,179.72211958745984,5,0
15.697933173580239,35.136001065697165,59.63725079017064,133.94734938811166,5,0
18.077222278850872,24.672991603380886,58.77681665913621,59.379882553129,6,0
25.0314640460722,18.30083164289712,26.314239353304234,97.54853295809816,4,0
17.115540652384254,5.0,45.824011664997734,91.98199594775846,9,0
24.17846056032571,29.724850949493636,34.35630217876241,116.54256523077889,7,0
14.35146572671191,47.72251596669744,26.122426339869982,172.5500719065668,2,0
22.649020889576413,46.6125921454787,41.74474424363444,143.97085205687017,3,0
27.207843103289502,25.429037434137282,40.3727581731627,46.13119615076209,4,0
7.6417774993635526,23.977879396382193,81.40074729518284,168.8248225009769,6,0
16.015523722647615,34.68774256075024,51.49439738041044,115.65660700065777,7,0
22.8853606359027,20.016145608117085,24.33573748868644,134.35328979294582,4,0
18.984773069785035,33.01791899819466,36.52838993743587,173.32704296393013,5,0
21.855729366856544,37.660802783846904,60.32074943144097,44.42098752432244,5,0
16.980074066420897,42.26933223884308,76.32664159304888,98.20872106467685,3,0
20.4329489373645,28.99845923520047,21.210250316430624,73.42727243203925,3,0
19.221613823039604,27.963262498230343,16.801134222914325,21.607028731727212,7,0
25.838910308299035,21.220174132434387,73.06447763057673,117.33549888024599,3,0
21.272104216506065,21.7311964596014,50.84421266056356,225.57782757922118,8,0
21.68801331037601,27.735211080984733,31.975609021854503,7.996112774712358,8,0
17.940615169387662,33.67365506816178,53.01943629183653,98.38596944752648,5,0
17.561968879637533,39.13584626233249,10.0,132.02714675373866,5,0
17.837209060901895,21.96821049319655,45.050632598957414,106.15391008280906,3,0
21.972260711891483,44.92688568959522,49.91731759264628,94.34359737421298,3,0
17.895077595898684,27.288763989574313,58.86405209306744,35.03918182770879,6,0
21.448874284482066,29.78632705651564,29.791560715611936,111.63933714700818,5,0
30.377003993227195,22.527883208521764,46.28530742105038,62.16180114920368,4,0
24.355623517158463,5.757597397270583,31.11863060910619,0.0,6,0
18.369882339160796,38.8404539636105,48.830756335114756,159.72961102568655,3,0
26.006069610819722,37.36843897092433,31.569805164554637,147.9192909921021,12,1
17.959623134892244,27.186724428817865,38.87848741259669,102.58304884255399,1,0
9.80937732411073,30.66990717224872,30.062769078146566,111.45373441028512,6,0
14.95956844541298,35.15939217704099,54.76704362735485,153.71590063577807,1,0
10.646040394870722,14.374541431134574,57.87676674984998,111.21698283890413,6,0
18.24243257979346,24.709473226537053,41.480691450638794,145.2008777380657,1,0
20.092091895947757,37.94264679621827,45.573569924400424,85.12588995630749,4,0
28.382186561376415,17.457105768307507,23.271128780496838,165.59918692869732,3,0
21.634636868820813,32.935579321666296,40.50485027989819,116.0392862966342,3,0
18.90449735595568,16.43418195376595,44.24693074437383,109.70259718029371,5,0
24.147027905917447,34.66429982433527,84.31189636544963,36.496945564398395,5,0
8.944323454960575,29.643585177025166,28.320494613387545,114.34779271508543,5,0
21.178072790542828,13.848681840944906,66.96265858128656,58.402254125277445,9,0
23.854325969434832,41.64739354457171,59.952881601987116,68.08586367357529,3,0
12.607068771100792,22.654084232019507,49.20954606735204,59.23121858419395,3,0
25.718770216034645,21.89747562985619,71.379307262927,46.68825340503875,6,0
21.69248203747207,32.00569197230943,50.581582089102945,206.2385701508481,6,0
17.923560430495993,41.48637349428715,50.83738793501893,166.56695309942018,3,0
23.163909330531425,19.84178181021603,44.20319020473682,196.01837510721305,7,0
31.35346428902198,30.616798498479717,63.35353323627941,38.855249022221805,4,0
20.909331275292477,34.28816500330573,61.447038507163256,103.56268749554462,1,0
21.24110293150168,36.93105607263144,35.614840687556814,35.32461873979521,7,0
17.70319550229878,31.764415552772252,25.211292081018488,65.2152561401468,7,0
15.750778152676041,26.329721609166775,41.955290439065145,54.09365082917126,2,0
24.151679082721227,21.724097793512804,32.99942153403531,161.97920032207807,5,0
15.719580870455664,30.861438830463747,44.04713138076967,80.188516094912,6,0
20.357831186096963,19.278609880143932,63.56157202026209,153.41896668470082,9,0
17.611712766174417,5.0,38.14047517369815,130.20604447942588,3,0
22.39489912873196,34.365598041576675,44.35764928032638,215.18193760523945,4,0
21.66831052643474,39.039348410861955,45.87034102212593,26.027788843013795,10,0
25.187699721289498,6.370675644581617,57.72646323307927,162.96166198933994,4,0
17.449918005726264,19.902692952900622,11.296659990230921,157.32204352003637,4,0
18.650625323533145,36.191542610051975,35.89949557852055,51.33105809864827,4,0
15.106181421088463,50.574954697116986,48.16925538419209,150.35666682365797,7,0
17.77853369961944,30.207937076754078,63.00118434640292,116.80724815131144,8,0
21.88650246522426,22.719970587708655,37.621463287406925,88.62618700232962,6,0
23.78494308322676,28.171035588951597,16.85170940937189,58.80322565140002,6,0
15.389173379111874,43.74876419148185,54.295671689492046,64.04452742754071,3,0
24.3480296005283,23.540358208754647,35.46956416761556,202.4906047892963,5,0
26.778189294024756,22.008079933497463,27.15500011364458,100.03414094787414,6,0
22.067174516118506,25.172564778179677,35.63481915430164,139.10650007657296,2,0
29.38397906279033,20.466713917412875,42.232119635162256,60.45503091662234,8,0
16.131054004482134,31.226703159947956,35.92883003192681,61.00735268891806,5,0
13.776726483442914,46.246784584695604,11.916509143513963,154.0992404624971,4,0
11.106398755478606,33.23079273116029,58.45599295330698,32.52118942242339,4,0
27.480221557445915,27.476464978737123,64.12312561918083,79.23931160473643,2,0
23.27182828177029,27.081887310844557,54.772829870092586,101.7013705536116,5,0
19.722076645447725,14.36809191303343,27.93471494362775,105.56863009200262,5,0
21.399843131599102,38.83109777147159,41.97762699078723,91.04533574919219,4,0
14.372554763508116,29.22162802987198,44.90218027155813,119.79098905479616,2,0
32.228759898084135,28.195200864093742,53.98191584342865,134.64278779089057,4,0
20.646105909876137,61.93107567844861,55.02510733077121,136.7318772729665,4,0
20.546973973024464,32.98752908365686,33.987393018322564,50.70980956660867,1,0
23.62883311949346,22.482089499048158,46.22993334620341,85.79224510356013,8,0
22.405046158683568,25.736424037944566,51.85920606922862,159.73814309384687,4,0
21.119420121395656,41.48445709196755,66.83733483220149,144.73235937869362,10,0
16.04762772277344,31.132704105377645,55.56759809737085,31.35702742594681,6,0
22.357341785679978,15.617220216826333,56.835850310632786,117.57399501761009,3,0
29.41012248237517,39.19228934575204,46.257399418940416,1.0887375312594827,6,0
26.727100230774887,23.31855914461006,66.15688717805256,102.34674510301848,4,0
27.965933133196984,48.73297776217545,51.14644193939246,194.88835083729884,3,0
17.443921617844076,40.80048065714649,32.08368134739644,52.60536413655068,2,0
15.051975898707095,25.526781043412488,66.05054955187786,58.2838477254209,3,0
19.37106539950176,42.81016361735113,55.46854908808541,138.20148907864296,5,0
20.278624561443472,30.678555105274032,38.354339683072766,22.85992423951771,3,0
25.470957592354743,38.52773675122219,37.80760548901135,68.36224850574804,4,0
11.537676851425903,34.84732817294475,49.448633177111425,129.82205687908763,3,0
27.64775159730307,21.536433450091266,51.94777192901377,68.28570761552984,6,0
19.209960507105052,23.56450167682538,47.9593839844681,88.20150063945142,5,0
17.8655946502629,40.29960817581161,49.66963010164327,137.20928551575173,5,0
14.939478123699162,26.652246678934592,70.49936061864571,121.07730417682806,4,0
11.725716640671154,25.963515367580033,61.073147283523284,113.34091981477009,4,0
24.115852919809573,20.44877420650647,47.85953386897536,83.04388603649807,6,0
20.36658983594202,34.235990655934614,59.11965871151225,118.50305576344778,4,0
13.55019550129473,50.625249192431454,29.512141447086908,93.81336599501216,6,0
13.52460613968192,19.32467085745727,50.968905749202136,122.89028049628924,4,0
18.32107650354936,30.24219456672758,72.13959524599665,75.15339874410108,5,0
28.345107626446964,44.12220555415429,41.729311569114394,90.87155128102295,5,0
18.702043243181976,29.20358608754285,32.28549107071373,50.50211037239931,4,0
12.48428523440947,34.52371796249734,35.21866667110409,98.24961949968821,5,0
18.77128467957028,19.376064718531204,28.655504439864174,59.44995681855776,3,0
18.636382151261646,34.28307097207649,33.22857137808445,44.29767749190033,4,0
6.515566785292142,28.128557349954512,39.442378521149564,112.9330573927694,6,0
19.72852566741094,39.85729995679863,23.916494712320368,110.63698879288302,6,0
18.84532734895661,41.87386051564751,45.234275009244044,139.14368674742863,1,0
23.48103182406709,55.895636420186136,58.53415760679971,78.44372152124504,3,0
29.244780474726724,35.796331732135755,31.383657297796194,120.40264234183778,4,0
25.632825147738785,33.257963165821664,67.78925885462652,127.53987861368316,6,0
18.655556547225846,31.94384301577336,52.66188132791392,122.23869039157974,4,0
14.467370456291649,26.468337071893117,60.45870878436086,58.71731585989289,3,0
32.8667990162493,33.38483843461691,35.132481692217944,107.46817411355944,14,1
20.29609217007244,27.045985898609707,57.81787840599924,118.20701480273307,5,0
20.06964645956473,31.684609762696144,28.620991494070303,100.3589233453971,4,0
19.879374564449982,43.1759753560796,58.35371251254763,0.0,5,0
20.990423803839274,19.934574347203586,47.577590096902966,108.02448119867401,5,0
19.278197940380288,41.39878561129045,53.29876829977175,210.6265519698621,7,0
17.131689965598817,43.17115067339866,27.366080915627226,81.99803656215087,7,0
17.26570529379804,28.81931473008921,31.57395236585093,63.596145107233944,7,0
19.836233648920008,8.781451009914054,53.958423273800776,118.6674279855699,2,0
17.282876144331176,23.921780129055676,30.77477993663699,115.61891052332858,5,0
16.435771086614178,42.96994546561109,51.94809438148685,159.63675827082074,3,0
20.532151138459483,29.771319377011178,24.492932903096314,37.10659220455561,7,0
18.725113912895722,20.00697767705089,57.72261319000002,136.56901262874962,2,0
27.519964942913443,24.952250787717826,26.512150278472365,129.52110306257316,6,0
6.745150958034941,38.40620026504553,53.28449906519285,92.89267315297269,4,0
25.45753425961231,35.4673356820138,54.38446400469002,116.9343658960845,8,0
26.230425962488145,27.610679008303055,34.54842272355638,151.47287407991786,5,0
9.633048837959253,26.331755881853123,53.7303985062709,143.6157690014225,1,0
18.286562029598258,26.08241850956178,48.90663395000334,42.84903439631357,2,0
18.142795670021044,20.775898155014975,36.91737215710893,141.0079093377742,3,0
12.962441526410894,46.15375689469442,29.871679738856876,96.76556974837408,6,0
16.110916562045624,26.7767953078866,15.560614624911313,103.64370490077577,8,0
14.447120772670857,42.17158520825497,50.244750709495406,103.65984955008473,4,0
28.761352217118116,45.213160519224516,21.52795842956917,92.487850560087,3,0
24.678391965737305,39.9831089814796,46.430162991619625,159.58537485535325,6,0
26.357775474970794,25.683796872819517,41.048276758766264,95.8141020075394,6,0
23.608360320216175,34.037300903366095,55.18714163157293,44.02269358084156,8,0
14.354741143913854,29.75804393609084,40.469317507652036,80.32350720151356,6,0
17.37739866860113,20.96298139269872,40.05828320479363,108.93473584052379,6,0
22.44687280613959,33.24359281721603,55.97806056432444,161.46073921485254,5,0
13.889360955540273,18.209602088401976,50.02587043626176,130.15473424744167,4,0
23.56499215086194,41.87679388461564,49.74233935774167,57.4732360626478,5,0
18.798373009209325,25.35382702701607,52.03901384712789,224.25949583394458,5,0
18.125895962252013,32.01159655872839,21.966418151893414,113.23876554889898,6,0
23.554799841017456,32.83287871546142,56.35183019980473,163.76953689995074,11,0
22.2213165574302,27.410950262959226,54.187031910204034,92.41427832113854,8,0
18.1951691709046,35.86693801475275,29.749753071352544,126.66796223527247,7,0
25.79664901682124,25.250963433774757,41.33879289488698,141.97342522592024,7,0
14.594683362000513,38.71297297457244,44.41039068558553,160.90973558771282,4,0
23.07967803472132,16.540203197532513,42.98254823397401,152.86841526891124,8,0
22.96550628984192,31.26379579546412,50.00789949852802,143.6098500036489,6,0
18.452267803430047,49.389289990582846,66.47050172746775,84.24566344029456,2,0
21.63066511121059,19.996686753944253,61.22650091509243,71.41269790219692,4,0
13.744432118073485,23.222550294751485,25.316712098528907,116.63037551620988,0,0
24.620135096034506,35.13907849658915,54.33104985459073,146.65640361705346,6,0
19.075489317785056,31.795817819395978,64.93399979303115,88.86396496116964,0,0
17.386384897404803,33.50630099273559,50.80212781033804,153.25859828571933,7,0
25.245046129184445,34.891871301476634,61.3647063777895,172.630837274309,9,0
16.478281547286205,36.3472146856177,75.18405668551148,54.18395404632901,7,0
12.957693518182202,41.09699841956223,60.35564319160472,58.153964810186004,2,0
12.216854132380481,34.098186569285126,48.739628934625934,92.98124705473317,4,0
23.030049756728197,27.587423453814576,60.676327111271306,115.38063340945982,8,0
13.597853237518585,36.72573701202731,47.173317496453365,73.77164931164745,5,0
28.77397090992182,48.99881934895215,45.35854564927433,167.61013394335723,5,0
9.59035296058139,28.673662536174266,39.72878646429401,121.20334307592256,6,0
28.48228184145019,20.254706953293585,68.45120038248163,101.97235241203697,2,0
21.05508733601309,41.07080669286972,32.72357001086998,28.20452380657362,4,0
19.516434440648037,28.79618836046402,67.98551587017174,34.20920917862465,7,0
17.275404565955252,8.273304539859637,52.49796185610557,114.05046251409031,3,0
21.995680571760353,38.47421677150422,24.01040737797088,0.0,6,0
19.81182648787576,24.646718140460774,50.51473939487133,150.6318704822036,2,0
25.516509410082605,29.094667176958392,13.49960238522564,92.09230778138398,8,0
20.571138243310198,33.319803305690144,54.382620252465536,262.1546484797367,10,0
20.75150880730939,31.904996797790663,58.278472244834866,215.39581253080553,5,0
18.18193893893072,37.0945181713904,36.1146606652192,90.92754653762417,4,0
19.715271881394663,25.645136294301565,46.85321543933374,94.68314987343425,4,0
21.539008844460295,35.131057981760826,74.31236150625429,149.7790757001015,8,0
11.449158036716872,27.40453322416083,37.41379943607095,185.1586304959019,9,0
13.259072889471435,37.38810480887503,29.11638619415099,18.098547128199158,7,0
23.716320470113576,36.153674840130535,67.22495103693899,10.68122673226567,7,0
20.854327190639708,20.645612979554045,74.43880785796192,68.89825972228093,3,0
19.080083318236603,40.85982116175032,45.05543507771771,129.1368791586932,8,0
20.092169665326967,24.64036554885952,60.171945531125345,124.84367952537986,7,0
21.737908526808354,38.08057798281145,65.12213873296321,153.4885727491925,2,0
17.301201598453193,33.67287313401341,33.86273651192424,40.01512358173459,5,0
16.108476372988438,48.38183676795123,37.72041246948198,0.0,7,0
20.979226275488408,27.765340176281477,63.463117697321024,142.90070976510728,6,0
15.10813611192484,26.506832038818025,70.27521418062764,58.59018635173827,1,0
22.041263778572358,29.805803941122672,53.44321290261532,0.0,3,0
11.487081978810798,26.968202171657246,31.802784697469185,107.25318729796908,4,0
25.14577818662822,37.9994190194205,74.80591667549162,139.65878441093386,4,0
22.362987412065216,13.836893915634121,37.03543653282053,93.89714339393613,3,0
21.28014867156938,19.46317580853646,39.97293328242822,77.10758069087554,7,0
24.91345491972757,19.32197078420807,50.135067517344325,92.03188839270467,9,0
28.32737222231288,39.50307591973576,68.31240631072161,81.47086187996086,4,0
25.07185032509065,47.10613372581925,57.80963964828335,32.59764440299165,3,0
10.795628843341774,28.955507814625285,51.222982505428654,64.26596615047842,4,0
13.602115166321493,28.311782768099892,51.94932795177159,126.06399525069072,4,0
16.875907111521606,30.700521631131814,45.65272002965199,116.083927068825,6,0
20.13045525105417,41.61878302608191,53.37209271777759,108.40299029834101,3,0
22.588295102345615,20.72646865809426,10.0,50.24257590733103,10,0
16.371280934232672,32.38368982734785,40.55088811395302,90.92484189321664,5,0
20.93383382238539,39.7519762978243,48.61982902375171,0.0,5,0
16.22308533823339,35.01094169939845,27.734788745707394,108.92383319426949,3,0
16.942410985040258,31.895816165987434,50.7948497671734,171.44288539067838,2,0
12.966694515758888,40.01046092567141,41.932931685208175,26.293393397894718,7,0
15.383833769445479,5.0,71.33213547473235,70.70361633411224,5,0
13.241576971918331,36.77875319530908,68.59529587822284,116.45533893550648,4,0
15.120633735113337,23.459243168725763,38.012916463227555,162.6421317213742,6,0
25.268208983039198,11.693671031435432,42.73743432649957,77.58876918499253,5,0
15.253005555840286,35.11202599524981,43.89078651587411,65.38748353670519,4,0
33.161910324186955,43.73658545162958,38.22510785760566,1.553842879195841,7,0
22.466589504404446,28.625514853723082,47.9253747604219,105.17190646540531,4,0
20.92418061847437,39.528745472029385,33.625768966686145,202.1038020071872,2,0
15.708211099093933,46.122782579886454,28.040769975937106,113.8679230982338,3,0
23.501549397044958,43.14914453584048,54.34066835850403,98.88605104081434,8,0
17.12181086881113,46.39964529371393,54.442943763327165,116.10411553834928,5,0
20.610049073226808,37.42127491071892,32.93526360510012,99.4453998025699,6,0
32.800422691343975,30.75433638901593,58.430331461438996,59.34928138699351,2,0
19.51970050137675,13.980341881028316,35.52633406252003,141.16399578388527,3,0
25.74636663142838,27.539375118700512,48.797478570569716,111.28807615558772,3,0
16.48411787437056,21.567534046838084,57.30516018918684,100.88066259668287,7,0
19.82505754751519,51.70942717497814,44.4958115294443,51.2316986360875,5,0
28.85400317817755,28.241141875676632,51.821113682117016,165.17539659673795,2,0
16.865164711061162,31.232048067844858,37.25355534168642,133.2351372666555,2,0
29.062242789984644,35.51485376040468,42.05300124857854,72.3539581316349,7,0
23.538759677277376,30.436024463724536,41.9121085367949,150.09124268409687,8,0
17.18766612052866,46.95051040430753,33.80132480189641,75.12145808073964,4,0
23.162038695277605,23.77350638265548,42.348387553263265,60.89982537444815,4,0
24.86277224813365,31.946074552372426,21.7707255170438,62.01484412598565,4,0
23.10904981108598,22.57529414301952,37.63269379286843,11.446572345595442,3,0
12.148876400547717,16.799774887792942,40.726867599454934,123.57711902091029,4,0
16.364314120875658,23.882309090947146,41.1573037125693,8.442756083082486,6,0
18.762406822242475,29.62963202951588,41.377538311938316,38.57780843671187,5,0
19.62783285449977,25.7069777548274,44.073537002098064,0.0,5,0
23.103360487753392,23.07579020126144,52.19162277129096,95.69651536045535,3,0
20.888505004666268,15.936825363281661,58.11775611198784,92.48397698640639,6,0
13.323278206449494,29.168944273713052,35.25352159727599,83.66518934068179,4,0
21.900989255029817,14.952796259689977,26.951987169162834,47.871115266471186,2,0
23.052928726419115,37.60055963689602,29.369333816353453,41.388312328168,5,0
22.7989522396552,30.82439752934503,37.69195618207609,123.21849317732871,7,0
25.403903627773108,15.424485005350695,39.72118023275236,72.47240341457561,8,0
24.16961077274452,26.907909229501364,33.45005900703814,115.81791607680724,0,0
22.295900396142184,22.47843594409417,25.558250036251582,55.73756569378887,5,0
19.649171442706766,33.1917451041918,38.15818758788718,109.05313713855412,4,0
11.695195332420043,43.40450446023144,47.72139930170957,165.16390186580318,6,0
22.148091095662927,11.248275303542556,53.925441987533475,129.30829001963917,4,0
21.038438435815557,31.15026079147417,36.63865420337518,79.37930908917598,7,0
21.357894185976868,28.398672044333598,38.80503266784849,112.85994851779637,2,0
13.616257120898453,36.713400764504655,31.09952536729034,87.96674127348935,3,0
14.594717297958688,32.131966282376894,44.528412444378354,100.3940092347364,3,0
25.26576426666452,22.48030668261181,32.27357048713778,83.71944739257482,5,0
19.802224230716725,26.809460643333818,53.596917198618,91.78323970573044,6,0
23.40750348686312,22.039741431965112,18.212002620988333,110.60466765370876,9,0
20.141591880652307,40.76007138598598,39.60555491321306,50.33206502090247,6,0
20.148780697478728,30.21311648671942,49.51661008787613,49.206058650501085,7,0
24.691419029879988,49.01190685753008,47.757517744837564,30.572872308439443,2,0
17.41977635891313,29.393391861853793,85.39550495970745,19.9864447748145,2,0
20.480603884704916,22.915932330895373,50.24700036851861,39.13586538897603,8,0
17.688623556474788,14.862856073871729,29.939181047369846,107.97312534020647,8,0
17.82751886283842,11.96860323744055,43.5680362936639,55.3606242254058,8,0
18.454139382656802,14.158640569945103,18.356304998003225,125.6807232115548,7,0
21.110668858168566,32.67126651011483,43.791003760548584,101.73568743762809,6,0
17.606256891682612,35.08725023229934,32.50415914498862,1.5747893280973102,2,0
26.278780627867604,14.188092979678666,58.730854133402424,132.7487792110845,7,0
15.526963488902481,38.950383140761154,36.756895881066974,140.53993227958549,6,0
19.065641779193204,25.169389483165606,43.2485112630713,50.30686625825733,5,0
17.801344708629124,31.467930119855495,35.46663237893395,121.00957714474958,6,0
27.234889421768663,46.122206282554245,71.08277027779997,57.17508812954005,4,0
20.982773882557872,38.96839315865532,40.18135850823133,104.88351883741677,4,0
25.159222697343175,27.314693520941677,72.48835565218803,36.77507965225172,4,0
12.57219813481514,21.088077745847126,57.212276431774,10.344677373271168,5,0
21.335251329346296,8.48184598670695,52.231000910030794,80.85914051935157,4,0
24.448153978117183,22.808466807575797,50.530997209762795,93.81355268625819,7,0
20.41141994637712,27.888697611723057,50.906959473243774,80.11601531926979,2,0
25.327401875326757,20.12820472848816,16.08491130981585,40.79847208887203,4,0
17.41355774949814,28.687430329076953,40.81674908773865,80.00504689344315,1,0
27.0467372009279,30.76851882958768,57.67736956776483,113.4647376290367,6,0
31.49449061809625,27.751440181919214,44.26654224788842,97.75534849387316,1,0
18.185807197801704,23.499974191765403,23.922152297946376,109.12505152996067,6,0
17.77248739299614,31.686546719667277,44.213933241337955,66.49423997728834,6,0
27.266922385588504,34.41940649569409,70.56158274383236,158.58589573580798,0,0
27.897860728653562,19.09600922557154,63.70337573302079,41.19133317226097,6,0
17.385699864233658,44.1093237974627,44.069939859509525,124.37801485433593,1,0
17.899065914520712,29.014118677157384,59.2717391558713,159.09455464799808,4,0
18.591076955697464,30.188496229448475,39.50239469447922,124.04540463744476,6,0
13.277747444828615,37.08214423256557,19.441926197599216,89.8737886467585,7,0
15.406740267579009,32.332161312635016,31.133010178056686,73.58514766685104,6,0
14.97929616623966,39.53136633913245,68.44333152762297,151.8043825523128,3,0
16.161012174479357,32.87124165201824,40.89010377256044,28.851253736916348,7,0
19.826575563066093,23.87562625359562,41.34924030937473,51.49378698101782,6,0
21.171073662682602,33.61503525206102,40.502427055876794,80.12211172541393,5,0
27.752502464070385,18.562737926793382,73.56204884359511,161.8826878755999,7,0
15.008229796306045,31.08559705776523,69.38938373043095,118.9883818020448,4,0
24.921611992382918,29.667700093555393,78.281703501722,51.59771207448773,7,0
18.930055778872454,27.918831427274604,42.61432184399923,84.48461473075481,1,0
19.752681451737836,28.714624885610693,49.434367331206424,69.28384279518528,2,0
23.37409746083302,11.181509545023609,22.250361758688133,64.51055038832325,2,0
14.386389892188507,24.512750922590385,67.15401639177412,148.94447792783896,6,0
21.912048730920255,30.928449011411146,27.483306730980974,31.412843536824724,8,0
20.83226104106528,31.598563919974005,48.251633456439436,180.4390427867187,6,0
22.462256320040744,19.72324859074042,28.54046208550734,141.41148450923114,0,0
21.44584321953909,42.65707840864701,36.16699759891956,154.5430835301849,10,0
32.276500699554475,21.338251517854992,32.441063534254496,76.85302439873709,2,0
16.81130007874342,39.69457200526737,35.881871089862734,92.50296404604453,5,0
17.345015224990913,34.27194361871685,36.91315945276532,28.342409273764403,8,0
16.88429736787618,23.537726901561967,36.775968076123846,73.76687964665985,5,0
17.222614404198726,47.75310892609512,57.50000867670461,124.68274238215754,4,0
16.81306436346741,18.0636316824352,28.427058104062198,164.8031530890698,3,0
25.94508265553776,39.191541736100014,48.308121405208006,44.642159159877416,7,0
27.102521239949276,40.005823180429786,63.269387284583374,81.7247031507367,7,0
17.14626853125262,23.29379790923355,37.30205453229906,92.43503898837389,3,0
15.838222134478857,43.92465300064329,34.23121663878597,30.210539890375742,3,0
22.35707778193202,27.499534854010474,41.542130622296234,129.56746208792,2,0
17.238884778595143,32.88693629279857,62.69587812541065,63.800483412869546,2,0
23.164659088777555,32.603218387712204,47.911614464300364,90.23048244114881,7,0
21.0146151042565,28.65691258529452,37.03178558088602,77.40253140440612,4,0
12.42127942501384,38.10808273159782,52.2581497678206,60.53307471401628,1,0
27.737526006650306,37.93488720552213,28.46561775245365,99.64775072597226,3,0
28.97938836547761,12.514680267618193,55.22039265664422,89.21952107159888,10,0
16.93605654757807,43.043402428781526,51.12910961552652,81.40710588606672,3,0
18.061492200320078,13.375080119643258,40.38287293291674,63.57691891598286,6,0
21.429326953624525,40.32546204341657,32.421213023291536,115.97623353914777,4,0
21.672283949935125,41.26705136827583,31.69978616574814,182.68086342461424,5,0
23.29272136336415,19.09033569784802,53.02226004518865,106.99436164195637,3,0
30.051022693831747,25.89185712045415,63.434707537335925,149.80591074555645,7,0
19.11526386252975,18.94295331514064,35.44038379456808,30.48890374232687,5,0
16.00851377730773,27.850789697112646,51.87580055327226,107.88807196468848,2,0
13.103403859927365,26.919657158142588,13.694594720968968,45.13158405144667,6,0
16.345349800290403,37.796605322693395,36.23073404014201,26.153753623404924,3,0
19.834365135631014,43.10308746119608,44.53411600693647,63.03142962704818,2,0
28.97278931758894,43.95683810789956,31.354748745272495,159.59496672067866,7,0
17.411943504819142,24.37831973421698,30.95240437815606,147.50079143348228,6,0
21.118939758194493,27.90778126255472,34.983306652966704,112.15023610271999,3,0
19.91788551963624,13.165618077790498,49.3828909248956,23.36497200550346,5,0
25.94196636724042,21.94129933503811,42.19006472390438,90.18596743060316,7,0
32.63466212936811,39.64851633097457,11.42653150012542,115.08500044508678,4,0
17.345656135398396,46.15582823548232,13.189497710474008,108.7768114789299,4,0
17.55280278740889,17.65651128120078,35.89702233214237,7.8103208259627195,3,0
25.22080438534536,24.075357408471056,51.86529879080328,55.48410759900641,6,0
23.40945744813156,29.73594243041073,10.0,96.79611179256416,4,0
29.23353662868017,32.80161158819607,37.50404735772554,126.81454547585949,5,0
22.919640926629818,21.90396480078354,37.106282152238684,0.0,7,0
18.203539546064704,34.24061044464089,65.82506667312671,91.89380122600707,4,0
22.953274153461546,25.261606529290837,39.22467282430705,107.15243849394761,3,0
25.543517902914537,29.85547729121721,50.74483477111393,142.48059942581065,1,0
24.102410905986822,35.462842480037,47.118857101311946,134.64287921187184,5,0
22.53637015553649,30.06422269810938,13.04150280289199,129.12856594044027,8,0
25.333373447945768,25.636141094734313,56.52310824947606,60.00297466490329,5,0
25.846477952228362,28.903901960741692,48.23094758184432,4.5998931438346204,5,0
26.910794955187637,29.116370407946647,52.62402959511884,80.34736214692995,3,0
23.243549437948214,26.299889701178724,103.8935655965449,150.081591260428,3,0
19.164409598415727,27.412039373328977,13.738305907521173,169.6727263762216,6,0
20.733568432166614,45.986471705047165,70.87044974641663,135.52745511488928,5,0
26.032544832541785,35.60919447941239,40.688287208994666,121.46704114008672,7,0
15.91532164506382,27.045196819708398,49.30993356604514,118.98198241929828,6,0
21.843366544364507,36.969544045107355,44.31731632048137,72.19406266196097,8,0
18.033305938363196,26.6618051024399,38.63645499902935,93.496985322319,8,0
20.143724114674086,41.73124637586641,36.452506076418615,183.45347629131655,8,0
26.392259313036494,33.69642192198094,49.942631033595134,52.87209971040618,9,0
20.955495340099517,28.92697855995771,22.242394549924814,180.7389395354926,5,0
20.232182740780743,34.477169258102776,56.258687512826484,83.89859227539708,3,0
13.200719295100404,14.291238479315007,38.757083926721194,166.2716054547539,4,0
23.731267830136105,18.73232531090195,28.048959914394633,29.659249525123087,5,0
23.227420905705376,18.060749936009444,38.24980713006279,129.29521005823244,6,0
30.8162736165273,31.429430947637066,63.85723825293859,63.1614932026189,7,0
18.461108825234994,47.32514999485092,36.96997369475665,29.23664040379063,4,0
21.095751638319694,52.31300146192632,50.3768042731443,110.92670212054729,6,0
21.246918418553776,36.380511014407574,34.0356558642679,150.47358942979844,13,0
27.887266398817374,35.00844474944457,56.368827748854294,57.75292807032518,3,0
19.523522338065238,11.98942265847261,55.282616081853064,25.04920197707993,7,0
21.395107628851697,24.57326200265978,72.72913249944617,95.40776178325224,7,0
23.039482548582697,22.12216248091761,42.36654081751177,95.62823356114095,2,0
20.93304561578179,23.79152401748884,55.0298220713686,127.41598137772493,5,0
17.767831927247357,28.318561814152105,46.47101309308417,147.4797285682244,2,0
20.97044996449154,25.27909422302873,64.43807672794522,97.02924093637529,4,0
25.36815874929886,10.207001896242122,34.21751418586904,192.77516573971315,3,0
14.8674235029447,37.47910256117534,56.17507969315922,111.21173722676458,3,0
20.66484837073438,19.272569742601934,42.079540558249775,82.67867469965502,1,0
16.499395925304135,32.39246864111149,44.037177343372534,19.42163204485861,7,0
25.975233144624212,50.740826697499735,46.37628726672559,86.86702398419162,4,0
12.384065476081126,20.806154084135766,48.78360594640016,83.18065272944318,9,0
17.205390763642058,5.0,43.256564353170624,148.0152398140735,4,0
21.886059375322603,27.13995778119889,48.22069774755789,123.1241812033427,6,0
27.827620146171704,41.00959634998571,68.67177086343277,41.03154391836914,3,0
19.67124869463506,49.583474542205934,59.78174528422828,108.61271932055188,8,0
17.22400236653401,17.70450405547583,58.03731888745345,133.57655858645268,6,0
29.40578534720295,34.966992232365214,38.16690710964194,176.40156796939164,5,0
12.75993049791878,25.346895432199467,31.661387576575137,144.37519837070298,3,0
9.005970216899591,28.940516456958644,59.32950837356629,138.04233271557388,11,0
22.20007225026666,56.44343347017035,58.14070188794692,103.00429973075818,7,0
17.489728878236946,14.970296716048468,67.09006013626473,119.41560027117248,6,0
14.893835914346434,32.537396614945735,35.94029061046156,162.47524503530792,6,0
23.541782236496765,34.676931717654334,41.55677016959479,33.361130126017514,6,0
21.219003568855996,40.857863249393475,20.407737562118488,82.5280336391522,6,0
17.179606846316357,30.979831534708953,39.11293340908691,61.37156256218796,5,0
13.598478006645529,33.08050539504102,59.94855765869171,118.95765593630621,8,0
24.362286641400722,26.08351432578209,38.002569311577034,161.5111087825394,6,0
23.251005889793305,32.69126941245107,54.60719692801236,70.15128566394631,8,0
19.504120681103085,26.568077245025897,42.14245341003283,0.0,13,0
29.233184980238327,36.21571889856051,49.86085542332341,79.38896274877649,4,0
14.649576168369236,26.30389663956366,27.78462915276499,145.67368660087033,1,0
12.372374145376305,33.77100393902187,46.27814174450852,126.88149514749398,4,0
16.540459650593778,29.707371863150218,10.0,121.40931239052881,2,0
19.77206991822251,41.26050250772168,42.19655762757023,86.00033490627601,7,0
21.21669724661346,29.486062764115136,20.5429013442729,36.04846318901068,4,0
18.79381971071835,12.269675317931185,63.08991774820224,125.76471608122337,5,0
21.760276982571483,42.619215007139914,56.661110291467665,58.285909498268765,8,0
13.74230287904778,20.94267699137381,52.000064729491214,209.20483666902282,6,0
27.218823020366298,23.462336613511802,67.8150934073907,128.5253604177258,5,0
19.589244108037157,24.043387059565077,30.766252187627444,70.96758487230244,2,0
25.586479157940637,43.74438093170817,71.21044796873338,69.43073763056859,6,0
21.71362673188852,8.643257860213044,58.98287346390577,95.35278966932059,5,0
22.283766095768918,61.37748533659994,41.45167069171581,88.02490389891251,6,0
22.84883640116102,40.56056809066052,62.03430220774416,155.8416887764977,3,0
22.238542800086574,32.2323891412916,28.40559731382549,109.32080848720231,6,0
23.21361379933772,29.451059993837138,32.632287577084895,63.4184130545736,6,0
26.645762650662157,32.85554074857657,35.8711541514045,194.52203425778913,4,0
20.98260584850735,35.211224283793385,37.06533437903977,102.46541657601114,7,0
23.54501878794256,36.45215585950057,29.15163535859621,138.44198379844482,4,0
19.551321528563868,35.55604466003449,63.34624600642988,69.58867462776203,0,0
27.200586077247365,30.89580681255249,41.117183994452525,118.15578138722617,9,0
16.61803848970365,28.026615796926738,50.28757452535319,115.55549955715976,1,0
29.00470216455408,28.48726716346488,36.44472950379479,5.517535395192354,6,0
19.799210246778284,28.05091719647319,17.69095049177224,200.763755523032,4,0
12.84612448940976,41.337700968670646,49.05086037587133,164.53222304612734,5,0
20.640522074553946,35.935567222808615,16.316175368703348,80.14023419270062,6,0
16.594741712625595,5.0,43.97048930871797,44.886512977207225,8,0
24.203217744943622,36.55900776529761,24.475274417507844,117.3780806901776,4,0
16.736880103488044,31.947361947187748,74.80913998846212,104.33488497071983,5,0
17.769082833926102,29.812912435541026,58.67044083262083,117.78344742816147,10,0
10.552296345272346,26.114815469111143,46.5863068690722,109.57886980970449,5,0
17.738468403754617,41.24112719986013,63.95560016482003,125.3120494652963,7,0
7.880603366855217,39.475264621228575,32.305260338013966,172.36528496959033,6,0
12.080485882571384,22.27122332176391,53.1521906800514,128.4051602564323,4,0
23.802073280721487,34.07052287124535,47.9971565057807,47.517225054502944,3,0
23.92900079325416,20.283432654587138,48.96030122000505,168.1281426356226,5,0
22.127287808924823,16.203818352110694,64.08530250160152,182.03072817441438,4,0
15.165119284353935,23.73282775410035,55.98738154169703,257.6028367256042,4,0
19.7614432192901,38.62393472382759,49.330854942375346,43.825298338020104,5,0
19.981987304547157,39.53125045376087,20.176688456575558,112.14410065751375,2,0
14.208176554037287,35.130854200972934,30.599305570808042,0.0,7,0
27.51699150883575,37.25095786847997,43.15936599606414,127.65745781896045,3,0
24.386811452878355,35.16178287114958,46.40058561414977,72.58998509166136,5,0
18.89517913085168,23.585184047770476,28.04694412989114,196.17228974124765,6,0
20.134429194972654,34.31922544673941,81.17515013367631,61.269251499070904,8,0
21.04191403973776,38.00409525227683,67.74591082880359,15.54084810163691,5,0
9.791325657878547,37.542913298135744,54.03177480588725,76.43681296487402,3,0
18.764113087397014,41.88913371474643,46.08055291925617,1.2256114391431225,3,0
16.590078760011007,37.083038472010635,41.81686545148273,137.5549727253655,5,0
14.991899950525422,33.51448207541583,30.721223099666467,0.0,7,0
18.594498535570224,40.701502383164275,46.16220777778294,101.42287905915795,5,0
28.988432634247612,29.734787407509398,48.86628810214126,0.0,5,0
23.20421430633505,21.18125348772282,26.373591367775635,83.9851097731679,10,0
17.144105051086015,28.369330360562362,50.01264625867346,182.16890779022668,2,0
22.862913906780793,22.55097355193551,42.67111426762877,118.03239457178975,6,0
