trip_distance,avg_slope,energy_consumed,max_speed,stop_count,label
10.834065542417314,4.194859071057776,50.0,15.209620338570524,5,0
5.957693735665152,2.9250184565503603,89.02272996646113,15.939480250133808,3,0
5.036980117894312,5.846583896847667,208.16805800585402,24.9359535659317,3,0
7.625376356899297,2.3395257779515064,221.2870143770129,14.34695229309286,3,0
5.436185612923332,2.9599456063129517,263.69417834681036,17.573126600136536,3,0
6.418274291022673,0.06074789770697331,193.52976460020548,22.201377270048795,2,0
4.5793910100159145,0.7918133776589085,165.34920422297876,14.121503252248825,3,0
5.407020720829834,0.0,393.3274570626878,19.39544842528671,4,0
5.853261380084399,5.154987622292328,366.88854185670607,18.743867022505462,2,1
6.731117531347971,2.080891370011762,348.6202430861526,22.385550626259832,7,0
4.136558635821162,5.6541595027868095,280.8896293269297,21.294245705636214,4,0
4.082201824418244,0.0,288.8506323859433,21.136460065625464,2,0
1.1450351449318124,6.096148797088215,169.48021142778902,19.003925851958293,2,0
4.225697888300352,2.8639542185902434,264.4358288225433,9.620220145670762,1,0
6.906070730195516,3.679694777930662,156.0132779978519,18.698310638432478,2,0
5.926448912000269,0.8741145396336623,144.67266993798313,18.27652092652611,3,0
3.006496195188469,4.054579837674654,88.25102207584266,21.832723758855824,6,0
1.1922750497515993,2.2521717078895787,290.60715819600506,15.885358274986356,5,0
4.71515852982487,0.6120915559095339,266.367176222972,18.208995423647487,3,0
6.847555705287954,0.5846672941961306,219.7115122119819,18.36680494084438,2,0
4.042203336380368,0.5492991268353999,206.61934129121818,14.437226730075652,4,0
2.1101549917084026,3.7604791915936593,66.98935112824091,12.233611732942961,2,0
3.8209856553907713,1.7287367682768042,275.63995592438386,19.912704102475338,3,0
5.652317727831527,0.0,218.44599371036415,23.038815378257816,4,0
7.484874573051382,3.7385990280754164,339.5997210413634,14.8754501878846,1,0
4.4866099437512235,0.0,264.6211355897586,16.911162377280192,9,0
7.109784825103494,5.658144193988191,320.5783885204031,22.147746101125776,4,1
6.888084296298169,6.972821152546504,249.2759601405853,22.63354236504857,3,0
2.646669685229026,0.3751526489465231,268.1677872155595,19.15712734156154,3,0
7.501416236538303,5.104901263228086,343.1126277687839,20.071007997150282,2,1
5.590225534154285,3.6981960048110087,230.76107356615896,20.660249192429188,2,0
2.586633892511562,1.99992264690144,297.1854888201497,21.55516990130863,4,0
8.521662679875465,2.0932551587403245,205.64755851995997,12.642903041439599,2,0
4.7488488241398334,4.308956625820215,236.88930903755,27.5860519452065,2,0
1.1131136953781655,2.920098404793083,409.3523998609482,19.37001951221379,2,0
3.5874673041917813,0.0,314.05066819570925,21.64916056420321,3,0
3.095091516569547,7.146028806007046,195.8541091396353,14.190978756324348,2,0
3.636520131770264,3.8663483719696083,292.2919160227253,17.070496524121662,3,0
4.109629175683506,2.8959784383659093,122.00187263742043,19.884918504632978,3,0
4.485221467430139,1.5631535206303127,227.8807785380768,8.97796138751462,3,0
4.409994582965728,2.622078992667138,154.6575699177497,13.494299743990648,3,0
4.805029548045883,5.5383745177023815,295.1906197633337,14.373572606114518,4,0
6.174786772835109,3.5232368690924027,231.10684283318056,11.60681647721104,6,0
3.5071272815454373,3.75074924889601,278.3478475576508,18.53041355129171,2,0
7.3620010620078915,0.5016587607062188,327.41795185432267,17.62958668966905,3,0
2.5496330028566514,2.3007394475465555,203.97857409229505,25.11853655010387,5,0
6.23023771165085,3.1021030134866963,207.55156834658374,12.39662216227002,1,0
8.28654265537187,4.3931326869150835,246.29628194008657,19.173741892040916,4,0
4.645286902720182,2.1683675802426916,163.9503725604537,13.599550063394268,3,0
5.386930741976479,4.855737530950427,248.87870118177102,9.414299484662296,6,0
3.0640552192490564,0.7112935833091161,254.15627926335551,20.93901927004736,3,0
3.976436551749946,3.1390726461739233,272.89402151645476,21.35299469667399,1,0
8.135357074429308,2.8047702422030922,291.95504419139127,20.76059342622498,4,0
6.496964588767284,0.0,89.68837440697962,11.41751930348155,3,0
5.837088640187946,2.904583686648207,121.48785014353774,18.417936826922386,2,0
1.1240509055669046,1.834790958867725,133.28157461523386,20.986802398665,4,0
3.567054197866831,5.827549454985855,259.26080012264947,22.760801117620623,6,0
8.477983620653704,2.179487928157826,221.56241409193393,21.141473595438033,3,0
5.821663926248301,3.701741069185429,50.0,22.825670621822262,6,0
6.071190793688095,0.5379160343693181,444.7044808472029,23.3368992075315,5,0
5.341110307892212,3.4731377868264475,51.10309322541576,18.524325165393066,2,0
3.7740210221329082,2.169907382780901,253.04236800424766,20.492650960778363,4,0
5.6650831809128865,1.4474470320640473,306.33730417648826,22.99838548453519,1,0
1.9395717083549804,8.667784463874884,178.0213025650778,19.950627691337985,4,0
1.7890906019218442,2.2931019425002614,313.9959690661533,23.994987408277467,1,0
3.5294505612448885,2.5761021413521203,149.18225206151834,22.372481641991143,2,0
5.38432847206653,4.803986905500275,267.11014019326774,14.83774303024567,5,0
1.860653749943053,1.46314663694799,50.0,11.470000471323852,1,0
5.2540853840298,3.8065445548217394,367.3229091293498,18.096537646130653,4,0
3.010881507337057,4.0206408248883605,250.08755862406207,12.094347683806753,1,0
3.2803490584242097,3.4894008529234144,90.52875954571806,18.415629089396248,3,0
7.599176955330412,7.592678631858718,312.87543145278465,17.962988019996743,2,1
5.074588159641324,1.3914619009426625,413.21522438452945,24.504556187082784,4,0
3.1923892431289036,6.075201203147957,157.3589535406181,20.525313331417752,3,0
5.3736669455219035,3.9442808048511324,228.97880581035025,22.889676041435486,5,0
2.060763391987419,4.8188992263798704,198.5176103639272,15.552025587756138,6,0
5.764660655599775,3.6824687433668544,172.97830852686758,25.648341371438157,4,0
7.214636373031867,6.756554703488373,162.4437899566737,22.46824048061219,5,0
6.323457470043194,2.3598441534557426,185.35417904796907,20.137191140416927,7,0
9.315428608875935,3.9944404768867368,190.76195395126254,8.967202968827255,2,0
1.1232178774755694,5.610945881141353,214.3536586196957,23.893698880026253,4,0
5.253938160159575,1.8823146058574836,207.09233490295736,26.866675285021635,6,0
2.3129985403509603,5.0008733545933834,326.1171013073665,18.056431115801594,3,1
4.6535571372964695,2.962723488811322,317.18763164925986,18.15874378811896,7,0
5.003087936824505,0.530232745331245,96.64993891880235,15.416614464830156,6,0
9.559690965949027,0.09682084290022619,190.64096406094353,9.84132300111143,3,0
4.880445779215334,2.8183603332492293,375.05572465103995,15.18953094925907,1,0
4.8431395594307,4.981770243208695,279.40249596109146,26.297097494291044,2,0
7.010318213380179,0.0,283.4470705058485,23.395056812067683,4,0
4.894356520944845,3.400900078257693,273.89784180637616,14.136456699345096,4,0
8.662294150509263,4.784754269769816,223.8338913957542,15.108064391382802,5,0
6.33936897863301,0.4441002293576042,245.8952209360233,28.67541004465065,4,0
6.657006159640033,1.7320667487399948,209.6101089135586,12.899223887365567,4,0
1.2648721271224872,4.1447338831553,335.57352519761906,14.422872397116276,2,0
8.970425637673104,4.697075894683976,210.52217432463175,15.852091772041417,6,0
3.6870821593958762,6.208196444398071,238.70435347708894,11.209949704792471,1,0
4.980539664983313,1.82731839739988,323.5337453252507,15.31244864577478,1,0
3.6945921897293053,1.368846291123642,217.2207996072831,15.388458362634875,7,0
2.951497378744252,6.305370929363889,242.92799510997875,13.48875062267866,3,0
2.59566326565132,1.4901162676404955,214.18020087122238,24.639855846539547,3,0
5.206483317398171,4.014571015201277,241.06650765435865,12.165853575394456,1,0
1.0602064131188027,7.3662297128642455,217.56779590898043,17.290370381965598,2,0
4.514395425376098,4.50541738721237,196.41432734306025,13.614994186340446,1,0
7.115537294604475,4.566540433873459,179.20470693640976,16.950130193132377,1,0
6.263884475484368,5.556132209530856,232.754923797171,13.382675017210236,2,0
5.864870775312121,4.049735155770616,351.8238211098637,18.37947315920046,3,0
3.2092309156168826,4.57614080320592,312.36970675579744,19.607315436514913,2,0
1.8278096153621775,2.3148207717254063,92.08183238289243,25.010909369006953,7,0
7.083588238043189,5.31992493368282,207.0850506333396,15.057025077188628,4,0
4.102080368119653,3.826963231759124,186.16614311401125,26.089133617839902,4,0
4.833843118072233,0.043861818814918685,93.76768383999726,13.965108666800319,3,0
4.604810862555282,3.4858878247016314,277.5278529100817,16.809904597755544,4,0
6.34478593976175,0.0,240.39087808312667,26.82369876220898,4,0
8.686632092251918,4.427825931317724,452.29420763065855,32.514708142526715,7,0
7.924748302846858,2.5328969128472365,216.59796657623951,26.42968276978666,4,0
0.5,6.811105334287465,172.38244351021132,16.88204110048066,4,0
4.382922057421921,3.9792625293803043,162.70617053427392,20.574376181647303,1,0
2.306512962962922,4.848363182047869,204.84093467529212,21.41318440606445,1,0
6.876857715160369,0.9015534999059622,309.03266244416784,19.727119095202358,1,0
5.007966963248167,4.369149450071695,320.48680817970705,12.960767254664287,5,0
6.212303743070722,1.7186839547944737,542.6157338518293,19.172912335376736,6,0
4.211751058884416,5.181035349485338,129.3418471292522,15.470771653735223,3,0
2.9212567881380407,0.7632955479990362,258.6234875297196,13.15793643145,6,0
3.263438536400079,3.219614705713866,181.5718463574292,16.44315379364503,7,0
1.9339746654845387,0.6842351361668224,285.0499771791398,19.576657353222124,2,0
2.47273186099686,3.2516199069705873,388.3157169133467,23.00691572830324,3,0
2.051413888982938,7.044973812001162,336.21113790337347,16.73035844994542,3,1
2.9285946443737774,4.442536160513054,129.2395492433539,17.606950991233713,2,0
2.8154436719376337,2.9347429961812868,318.4657541003047,22.019646397924372,2,0
5.788186210056439,0.0,50.0,18.35435935237681,1,0
5.709723289309996,1.928625763712867,50.0,19.907757879446304,2,0
5.786008413716371,3.9493072915146907,225.0949438800313,18.389842360969713,4,0
7.3499907245031615,1.9782846487952321,311.0680224212462,19.013658441198448,1,0
4.84332421724777,5.85430049592688,284.8196853017979,12.604877703660506,5,0
3.4383708058341753,3.1430763249012066,440.5788234362669,18.61163343082428,3,0
9.422807151860404,5.157190232223747,260.93269829624495,25.13931191042648,3,0
6.811291806607592,3.409801715954249,239.31412992108918,18.844957157071654,3,0
5.304639586409115,2.4480357137865005,365.5192840281252,13.831245290811403,4,0
5.165748907984662,2.0573469928592147,212.58673185089637,25.38265018726351,0,0
5.5793070418006,0.9756919233554422,288.8748303590476,21.606858388943795,4,0
4.595797439291564,5.1932263669241046,294.8976144421676,21.838138811336773,6,0
5.256449083007645,2.143976135891595,152.82319422601066,21.702611444862168,4,0
5.998759321231592,4.044593683233183,288.74667927634215,12.368148019275074,1,0
3.546927572068911,1.9485100334639074,468.50269286444296,21.239024859754117,3,0
1.731768296325931,0.8339421908153635,363.6649706375546,24.923152290882715,0,0
0.8487144642207687,4.110281621251139,166.07104632915213,15.598991373274815,5,0
6.77579763786743,1.5065922074382083,483.8650940554561,8.356931348066198,3,0
1.8341516745650943,2.1990255102657255,318.9269669125307,19.82785777319069,2,0
5.9306879879157535,0.5026230291428218,292.42495529750107,18.163738237647,4,0
2.691288209903732,2.013753496841063,240.27784412619167,10.26192243320223,4,0
2.72350810788014,3.0482143365757897,318.27056477468983,21.02689277906761,6,0
3.5636024789884764,2.42501803975094,261.17846313298566,20.651461795329716,3,0
5.388264304011288,4.63645323291923,251.9644455960846,10.669304333541792,2,0
2.4228165832448147,3.2910414861310255,236.68911364826366,27.44653611189327,0,0
3.766135059411762,9.174627622224687,347.3766935939093,21.755605953902407,3,1
4.948561855638887,3.8485011753377063,336.29397112422237,8.548699016564145,3,0
2.5794764183061223,0.0,235.06057863975752,22.09432032792553,4,0
7.856468428949382,2.5742351681787103,98.10154164445854,21.949130352088428,3,0
1.554924514812397,2.7475037045008244,253.60660603823234,25.075040321429306,4,0
4.563661635098341,1.7727375232394313,178.21236404208707,14.880620640708825,1,0
7.545081265171003,3.1452216684724377,202.64206801819935,22.166515266701488,0,0
2.3510668722187757,1.7132058755992483,237.51475815733312,16.816740473183437,3,0
4.780748299024569,3.6656395978863907,143.9684009968958,15.217576149306112,2,0
5.265717365334496,0.0,88.970184448884,13.674967499133043,3,0
3.3864590959949616,5.28831694358383,279.1973200066785,8.48428397013161,2,0
4.845034451336228,0.0,252.68295309248148,20.702120012652145,3,0
6.122888921719904,2.4728888959669293,248.85909211448345,16.63475458742421,3,0
4.065718603364219,1.534586421805652,301.07665885939133,5.0,0,0
6.528659228260771,3.6118401420948256,184.0462127736891,18.37677599927832,1,0
5.785461880763981,2.633517778529342,283.24734310821077,23.78923425729787,2,0
3.834199597693133,3.503301331359279,383.7422041572723,11.465072704320365,4,0
7.254908734245099,5.2223848229085545,224.52940591282373,14.437004590441036,3,0
3.5181257726337547,4.537230875333924,439.9383760967946,20.204608547079435,0,0
6.711786610810427,3.0726146834831187,254.99944271203069,5.20561884906332,5,0
3.5539686034278644,3.919015533277323,164.7620758141208,15.33159350067157,3,0
4.367853282316528,6.920015037631185,334.968402492838,19.7330317023625,2,1
4.674711420445713,4.60847658936535,238.74394708538213,15.194409763715441,2,0
5.677166181772724,2.412924131425565,355.25504945983397,11.509957569541712,2,0
0.5,5.5557286747802594,291.3346288688203,11.749556624530383,1,0
5.916031102979712,3.7826206416388866,217.2171030885994,9.939432342372802,0,0
4.795041553715182,1.0744502974658705,402.1014941342398,14.834822997191592,5,0
5.5714803225531835,2.63855541963644,200.06287956808455,23.283309746305136,5,0
6.004976647244204,0.05548527303405448,50.0,29.809453515851065,0,0
5.787617675982529,0.0,338.0579670854351,18.18091364721546,1,0
0.985278295481895,1.1019194175688678,284.9931994744442,21.841242885762718,2,0
2.8779788024239554,3.245162137360946,378.3719187733219,13.295889629039849,2,0
5.6656318686521265,3.251017748964375,161.83261416418162,7.541740483178124,4,0
5.399392393250796,0.17684862974987414,225.2848342588208,27.25804538519725,2,0
3.420892628967358,0.0,213.99582261675502,15.024506294760851,5,0
6.4752784001197625,5.941524948641435,343.3762075249919,21.593541462880594,3,1
4.48714966174284,3.1905862383204684,315.0850180012272,18.792305925594313,2,0
6.77145270776371,6.111423955832498,271.48003757171386,22.972954644178614,4,0
7.420042622891487,5.9971821936714065,272.1244703988767,22.77048830187988,4,0
5.556604103126355,4.469419335145991,134.90288378262628,19.388628281672553,2,0
6.111104963665113,3.118287163383585,326.868213688672,19.938906046811937,0,0
3.783079837135478,2.204698371609121,328.91210234902,24.06292290986775,5,0
6.784419745619971,4.437193046500075,479.1107174618739,15.951535618533255,2,0
5.436248739362006,2.6802842683285237,297.07849743952437,25.77807480731363,3,0
4.410577922311638,1.8207614748790268,313.24586861481765,14.46071876297536,0,0
2.5623633335646883,0.0,297.7601127662293,18.382899656017337,5,0
4.029117261791801,2.8337893831667893,180.32952327012197,21.145899289372775,3,0
2.781048910320513,5.19334177499226,374.940142981085,9.854533556846736,3,1
6.522979477878723,5.518633159790102,244.42538218761362,24.909240178965412,1,0
7.44085981917773,3.1065574211297395,230.70411474332977,20.3795041726249,6,0
6.832538397859741,1.2225792987865471,236.51864743056015,34.504859471507636,2,0
9.972040492555344,4.805487711037601,243.40563916670436,28.403462552151485,4,0
4.0791861570060535,2.9692691047065174,201.35909113329484,17.945494344981427,3,0
6.1931446897671,2.268649330546783,271.5238613187701,26.927933512380363,1,0
2.637290070834309,0.08817016106838871,240.33915151431285,22.236681626771215,3,0
4.6054987192954,7.207522953891588,231.82906079731973,19.155535842567296,3,0
2.045301582290246,4.476796898121075,298.9824954846498,9.70318770385115,1,0
6.13638863460958,4.6924970171450004,257.57886878538676,10.882324295148843,5,0
4.289016674171598,1.2743814727837888,194.58640537896773,18.021851257914832,2,0
0.8908359502761654,3.159499334976996,173.64594129241357,15.523176866050274,8,0
3.629963114129872,2.8370122680810153,259.8401666814869,19.125946123985134,5,0
8.586228655214992,4.564189222039122,175.3368160963077,24.861849154681508,3,0
5.820859774501805,5.719436912289611,168.13882479496476,22.32479102918838,2,0
6.538185325911499,0.13156880528606107,169.55232619283998,14.51856958544039,0,0
5.251090558599527,0.8506448040337871,275.4984732477737,22.624789472528796,2,0
4.636882156809535,4.29147570075581,369.35424710049375,13.42976339579741,6,0
5.031158027619103,1.9839412811151054,284.77606482268914,12.288798740077784,4,0
5.490865448447569,4.629748235749539,338.68217124273826,19.908185338510172,3,0
2.806695108797968,2.25388131123598,243.02980808821772,13.92748703858791,4,0
6.526124031477108,0.502450738650007,264.2225200696383,14.790771086173464,2,0
7.243654983974962,0.0,415.29956688486504,22.969860320377393,2,0
4.606821206111338,3.9682558400784593,332.8704987607009,21.288168455038452,2,0
3.9539191407668284,4.017301087094838,343.70267314088443,16.140971596083315,3,0
3.5161820007103923,4.940431484542435,223.57953696668307,9.874505156410686,3,0
8.518433207124858,3.6557472126209167,249.4732223347515,14.324188449665165,5,0
4.095458321612886,0.0,290.56644571998913,27.710390050826003,5,0
6.306628628429081,4.006868215693822,189.35982377530624,22.832702074997066,2,0
4.620852609034689,0.08508507098287899,50.0,25.117954755101394,0,0
4.512739888564139,0.0,289.6466971628846,19.280123724509373,1,0
3.4705005995885543,0.0,346.1366488049928,16.24475871263889,3,0
3.059401007811968,0.0,255.52017537951826,22.525962836859442,2,0
6.4798415204931,3.5579562038312975,190.40925591869535,24.409195142976472,5,0
3.0141550399398613,1.5376315181719196,216.93038545572261,15.601290523522188,2,0
5.925038479184156,0.0,50.0,14.433975985109832,2,0
5.181167846962993,3.04616511140481,216.67740126375978,10.3937018016087,5,0
6.505277068958474,0.7881335508400884,138.49151929247003,14.30787497028068,7,0
3.7800921788188884,4.962141847757428,180.03583779325265,21.34459438171861,4,0
7.1602883330401905,5.900438747667417,133.43167263495704,15.018695577275233,5,0
4.7176188358193265,2.564795528441374,121.90225655614734,22.658650254854244,3,0
10.183389442619124,5.754548773016936,149.5887575241553,27.835874814015725,5,0
1.7716473300703202,5.751181521304814,313.28186361090997,18.124102773124,2,1
9.857869476153809,3.169215487425889,199.0210271040264,17.918651195451677,6,0
4.747268003887723,6.466906933209604,139.20747738051378,20.743057635605897,2,0
5.445604203437721,1.756675989904966,325.4014071394489,15.127987646975019,1,0
3.7914211367817017,0.0,262.8972107811897,14.763396992492341,1,0
1.862237413953224,0.0,50.0,14.912461548848418,8,0
3.9432064559592472,1.6646306906135555,349.56243422557725,12.272112322826224,5,0
4.268626030255089,4.068604099460332,257.2073392136454,22.49893425381509,4,0
5.365603425461482,0.6903542645474356,327.03739290740634,15.517100231300413,1,0
7.242276690020702,1.6483982931430095,227.47776616390578,23.556934627156295,6,0
5.3814614532142295,0.5010470229161981,410.46906298810325,20.646414960155738,1,0
5.41628352656528,1.6941960296431018,211.8111356540671,17.886096847774574,5,0
5.768735433033612,5.685418877888189,50.0,22.048141390310796,2,0
1.4901396137675031,3.715151781658603,161.06297337751482,13.282692106528255,6,0
1.6749509957278153,1.8460214668156674,300.21391293011044,14.097978611447445,3,0
2.006022022271402,5.440942246373446,265.90865258438663,21.567987442786556,6,0
4.253452284009292,3.051330475995158,237.74857601551943,7.021637793371266,3,0
1.2565697605519195,3.267311002112494,151.36139287034115,18.073055901501917,6,0
3.6204249105417894,5.285550533335105,251.8419186186541,20.952511593976393,5,0
2.2635015100379685,2.3147577403045743,248.56243868803543,24.55441363344348,1,0
5.975430852397364,4.832480925939864,247.53509306563365,25.577398328438054,3,0
5.8753112578165005,4.68985728353117,303.7670118201897,17.348568753580416,3,0
4.398711920528069,2.7089100527204586,268.1768895383817,21.85133264241552,2,0
1.2000781636661149,0.2076133679082286,224.770432412152,13.978249210839504,4,0
4.525712181127648,3.025383528225417,149.74351500024443,15.782567804908727,2,0
5.6572522307522055,5.274506493283365,385.9995270562447,24.838302568255813,4,1
6.62145333447803,4.639536138950976,448.16014026513506,17.80047844205474,4,0
8.50680925462594,6.420500782234628,424.4209822592061,18.798388809154105,0,1
7.236996360843365,2.019199586853675,319.90808867441774,12.834318799607157,4,0
5.3295530581358594,4.558600945464471,82.49191995382355,20.1128358233712,2,0
4.4295173193852495,0.9874244923241098,70.26650220667307,21.770271424228564,3,0
3.5141318074174395,3.4031679212807253,195.15771108719102,21.61511451865086,3,0
7.711323791779856,5.2108248104299655,244.5248444119226,11.94319433025234,2,0
5.333181159398214,4.812849174802085,240.41729192416946,22.99972171655515,0,0
6.261088417366905,3.2061460838481755,269.37518326758754,13.00949669882234,1,0
3.819560524141285,2.463895674877419,110.75534734968119,17.86792500456477,5,0
2.5181818689803848,1.010338017261452,410.74193470813503,9.909404148032312,4,0
4.199324563454546,2.5484534545683957,400.52386894064136,17.102658211620145,2,0
4.394143468388747,0.37959231692253903,118.86461080801143,12.982067659192792,1,0
5.383544867288276,2.3136119034711573,63.84564718383527,15.755714201626457,1,0
3.5251322220320493,0.0,241.0254663984886,18.29955219842241,3,0
5.049939726763929,0.3626655439426827,376.2090496025845,22.13612403436874,3,0
7.355412708710036,4.70561180111355,246.7819434870985,21.96451733346147,3,0
1.6540767809257297,4.482788183003977,275.9955306544232,6.3135185637760785,5,0
0.7661948160873031,2.4223043225360614,206.0288439563668,21.391591365670806,4,0
7.491827697236915,3.1295375792392637,264.62790438113535,19.031382029224506,3,0
2.072747083935426,3.397791344698351,344.44771321985024,15.198986538298858,0,0
4.239856066215093,3.920656780022364,291.21092051372375,13.597963487067997,7,0
6.216959362612975,3.7066334145033872,307.55087277566844,17.687859312624347,3,0
4.881547662658454,0.32644824344950507,83.67655207605105,19.15299009446955,4,0
4.85342424199285,0.0,463.82823164587546,19.889411411406158,4,0
5.144793295636597,0.966222901741776,84.87461569099804,17.013549554399656,4,0
10.037428198588927,2.691339248240579,265.64220204206674,5.378891598394395,1,0
8.56124991183443,4.920367338748698,234.95522537485147,15.523483786982924,4,0
3.6125493822632313,3.4687193814579644,239.3093509909257,12.081538289819369,3,0
7.101776481893738,4.068753125680095,336.9825681396013,28.27610484258173,4,0
6.011015515183591,1.206236757131255,179.21891990033185,18.29656382709689,2,0
4.960970394496597,2.858542200957984,206.7292372062914,21.705600064416313,5,0
3.1842623830451813,3.1309697189144234,135.33948036544774,21.17563546875384,3,0
5.9027360628909324,1.488646322542203,362.2158850415106,19.551642379808733,1,0
4.387909069871165,0.8608801882453561,276.6085421067041,15.91891190050338,4,0
4.240879850141682,2.5466444458079236,313.72180913553206,15.280854730360534,6,0
3.4658572973622572,4.322472696229717,331.1983852634017,7.897032498338307,1,0
6.999647042124853,1.1900970221737122,449.1412760613847,18.71096567570655,3,0
3.464523962741236,2.5836145344385244,431.6945825205868,19.501904684789427,2,0
3.4767095221284725,5.709979268683215,282.30416237873794,17.760850769010432,6,0
6.555875535160613,1.9613173782377396,265.7962697752961,18.71710934357538,1,0
4.711339064393812,3.0145659741008384,196.78581300381802,11.967948330229357,4,0
4.765162952428081,2.788583838048624,324.41577788946404,16.529763430168856,2,0
7.065786968183344,2.624416743687723,320.711295896201,14.750731031091059,5,0
7.627401223583871,6.336956328668018,177.0608665629826,21.32502957817505,2,0
0.7443085561329568,3.6115066180681206,321.97829516672925,18.204921641176245,1,0
4.7424514904315105,0.0,350.8354493694013,14.800936804040653,2,0
2.1794709436520066,6.056839693146181,137.83533770504076,17.200245577158487,5,0
4.226413324285349,3.5496269223949755,268.99139709201114,12.80237662139512,2,0
4.986527687771796,2.252851272694063,243.42710556475672,16.359124365794237,2,0
4.290290853851569,5.6988850112776515,249.46134933859122,20.91343480840809,3,0
2.949449138660598,1.4426200737498776,154.7346770600529,11.338525632392058,4,0
2.8479867245704096,6.431400185761207,67.34442408707673,17.694216985772204,2,0
6.455882778064501,3.186605285135121,174.4583699750942,14.250325431108738,4,0
8.069619612207715,5.0111176940123565,160.45416862805985,11.342091693211664,4,0
0.8790461421330003,9.1350042231733,285.32230675468554,27.32646799644489,3,0
4.344762667868968,3.3601830776221715,286.9513116316424,24.268870089990468,7,0
6.463928274788634,2.8063361999196523,281.2592230153531,15.00968338175586,0,0
4.934792479198303,0.8659407908118415,110.3269326771873,16.551154516355155,4,0
2.772626756188921,2.758859086461571,138.04416255284463,7.888770953982998,5,0
4.0444211918728445,0.9276564494653363,188.33273149217715,10.037563971775402,3,0
5.604300474863717,2.6260631410641135,252.31430125659435,12.359857964842583,0,0
4.385615781239289,8.789368260946667,216.48924546719724,17.832075124100022,5,0
4.90404013216288,3.239195909149718,281.0639099564789,17.42639244103042,4,0
4.961679004836716,1.892624968151794,347.54703167375095,19.65860973311644,1,0
3.9514367806834096,2.5805638463543357,150.07061923736688,21.393038295350955,0,0
6.63313804794207,2.1762572015137307,153.8729500849525,19.3900464244325,3,0
4.0450168063178,5.096803746283253,263.5359986092217,12.59296076019362,4,0
2.9890640155355164,2.8195508041996824,241.7969363690842,19.620117171110326,4,0
9.459278866846397,6.217776186826276,324.3363561506914,21.1767590564957,1,1
4.844411821125165,2.3678014318978975,250.7576659778062,15.863637091172317,2,0
0.5,2.496841445946206,424.0521229837393,8.767891704737496,1,0
7.509489674675307,1.2064312285551724,91.21252311386186,23.92034529221937,1,0
7.503057738427798,2.2332361954774624,334.02168599640817,18.44157274732621,0,0
5.914351062314062,0.0,269.9326196105159,5.0,4,0
6.263270419641337,0.0,109.699893297246,28.351265424335978,3,0
9.319484625336273,4.249346707397892,50.0,15.606187404575827,1,0
3.074396472063005,0.0,137.49809334193588,30.195115935886584,5,0
5.266480107949624,3.8119309983660403,370.90877114727584,19.886821830676237,5,0
8.93940535810224,1.9990063003104286,359.5231555928375,16.986601624644127,3,0
9.363138161936416,4.879057944326837,237.13475149946362,18.91797362153653,7,0
4.267815374184526,0.0,213.7727016507386,14.453641414280753,1,0
9.020301700178267,4.196501627362732,164.39030033787986,18.306551987780182,3,0
6.605261402647233,3.663199908558122,231.26106806434927,28.053103166040952,5,0
7.9904289957371395,3.7250324505635337,202.5838314501678,13.506887848746235,2,0
6.539641806315573,5.2477977337826776,420.99420509996014,20.666823544675903,2,1
5.610892487720746,3.140574134178268,126.34443998512658,14.401205776365575,2,0
9.41877425180584,0.0,289.2437704076228,17.159595077975922,5,0
3.942780071524515,3.898216181380774,425.7071341531166,27.883051669403027,2,0
8.804566280707942,3.6393452251521037,327.45828158224526,20.63230906705934,1,0
9.121377867455838,2.5107498339174494,137.57232964758396,21.728367617367923,3,0
7.726096642553503,1.3164541846422482,95.76698024106491,18.35423198026142,3,0
4.8565420363779985,2.278161354013432,277.44012050523577,31.477443547345423,1,0
5.4888706959580364,5.916119553298207,265.05232055686963,13.251806274546215,5,0
2.4503887694542468,1.1601843108521985,373.2409097246681,10.103140462312325,2,0
4.0948400601136195,0.0,304.8447848684426,26.430062919305154,4,0
6.2414235062103565,0.06347462607590604,201.51600758311352,16.092082256757898,5,0
2.1465753884667387,2.929408165622639,194.72852713920847,20.05129534490387,4,0
4.404177344003858,6.341701058887321,119.38422995210465,26.58179249399727,5,0
8.88965728313621,7.409701444156303,262.936433827975,20.117794185083607,4,0
4.691271854452234,4.300463018899092,109.55517491667365,29.154091359055755,4,0
7.067256670975032,1.0375081027986603,340.9990347594524,18.68097931402749,2,0
6.133004910110437,1.249816489249956,308.91552112188646,14.459365679957761,6,0
4.384621126986197,4.7516746575314075,305.7456000472675,6.232584031844549,0,0
4.6899026822967365,5.663270859935678,117.81728882522074,19.50273724200499,1,0
5.33373049488331,1.7160060110933297,235.00365988898636,6.817868982474181,0,0
0.897955022947805,5.848900989814546,211.06943792464295,19.623198705733245,2,0
6.893949601751011,2.540879653992559,260.2806384459426,25.29769087438971,1,0
4.76323984989174,4.42856795220275,302.85128808059494,17.914696564297675,2,0
6.963834326537784,5.290933973118681,198.64029495646577,18.9505314642464,8,0
5.7764012271039125,0.03646430205283435,202.4016475674777,22.57832348242035,5,0
4.674880765049861,3.902877533066951,317.99278365353183,21.34767121778003,2,0
5.395097256100298,5.85728508802911,137.05000372168342,23.802492447050156,1,0
5.40182187465683,1.8786699592786773,175.33385635793036,17.90410687416429,2,0
7.952380199459609,0.8868371288455319,250.5836832034041,6.744323879949526,5,0
5.125308985557315,3.989570870660196,339.9720373029534,23.880088458920312,5,0
5.576331015284173,3.266886558087961,153.1225261590991,16.805990563247118,2,0
2.4762204345464505,2.34539193745124,428.96989895963833,13.606736596854425,4,0
4.905913103403038,2.995574580080488,114.93372388343732,19.679676956982295,1,0
7.908620203592982,0.0,405.0278824078565,18.93270910601312,1,0
5.8576420120242965,3.8089506457010818,369.9590148993406,14.252687683084048,1,0
2.8379758604748795,6.185195710680707,106.98984077502715,11.572077823932709,5,0
3.0523433281835897,1.5706484204318567,86.77966630289902,20.342076790943892,2,0
3.5170091451786654,1.3431661390993797,321.98641688472236,13.750641642967361,4,0
6.999262087186967,3.345123487981768,212.259881494873,18.571917375679668,4,0
6.753081024584606,8.691754900578006,149.30529503914008,19.867226777222196,5,0
0.5,5.199766547106938,431.17012089814966,22.840880764377125,4,1
4.837228611431758,2.8116504305414023,130.60975598004498,28.595518011797836,3,0
5.295276200773833,3.079197636104275,177.30614024279726,19.186046006378294,3,0
3.0757129422813714,5.397693751233497,189.16016869021996,15.873192648672376,3,0
4.21905000611222,1.18124950494184,50.0,26.29217953504745,5,0
7.661997098259395,4.223485213328808,259.13677591066516,23.24046364424088,4,0
5.817686423629008,0.7650899822116219,158.84414446608204,18.84191513891544,3,0
4.000834719376322,4.849829338437087,331.0536114829738,19.182434730732908,2,0
4.62538327678392,2.412091215571567,344.1262722959761,18.134558620706805,4,0
4.544253742008874,3.4013882504858497,273.17210002141917,18.811057523712414,5,0
5.563910396370998,2.2822478302637337,274.3046629653649,17.49067324178692,1,0
2.1405386875279846,4.39737341870663,266.3589114366276,13.125847588260172,5,0
3.660489400420106,2.6506361668210072,179.95958153318387,18.044367294262063,5,0
7.070792899609486,7.315943372056519,188.51720495509886,26.78637108536072,2,0
4.854867026081619,5.837735179604424,382.3226947774912,13.919789995056746,2,1
3.3001834944797492,0.3914226753945109,323.52414442896225,16.64364340271522,2,0
3.382679916684573,3.38291227229987,270.6086984505,13.540403669226636,2,0
6.441687204261371,4.470310463978502,310.0065326352361,23.78666147836775,4,0
3.9643894693397677,2.0836813428135725,243.89164712202452,22.14852064686856,3,0
6.021806758173165,5.4249534079240185,268.4946769326079,11.608435898230907,1,0
3.746331358217046,5.1893016318205465,309.45169111701045,7.907687857639919,5,1
2.740070214666691,2.8328748936142745,50.0,22.328505894173063,2,0
5.488895916994906,4.962431768146765,340.6138918091378,11.303664390059584,3,0
4.805237988173065,0.0,333.43402211571066,22.141331783945,0,0
6.370248676830612,5.715176418553685,171.93117228925428,14.809634823666073,1,0
6.7682486420628,4.77301760415105,374.4102516156723,21.474998344438823,3,0
4.2840662224932045,0.8246446105374838,50.0,20.220582130842075,2,0
5.697867654702228,3.503760720185711,285.29530848137523,15.317729424885325,2,0
4.222380429081253,0.0,253.99330465562534,13.605039934019448,3,0
6.2672939281427755,1.4731527342875397,219.05289253005603,20.878983564454664,2,0
5.4668309222146165,5.191278676164826,251.93673274873134,14.537071400447505,3,0
3.7523269652744515,2.9743276831896974,308.2730558327563,23.544901192635514,5,0
3.5848442179629725,2.863594054952897,69.44317460147971,13.83825042705956,3,0
5.53733585020767,3.0904523812931157,350.09645902889827,19.751751604027486,5,0
7.324382105305165,2.8571407075249895,208.97264876191835,16.048977470198725,4,0
6.802592422412052,4.974979433937455,351.5452848174679,18.02857055276395,4,0
3.11398119204019,1.7620207711042735,314.3517677649943,14.497365046944836,4,0
3.3243134079548877,3.8386921473226887,206.89298590576706,17.106967822950544,2,0
3.6190445768671564,0.7107646702468102,242.06738036237866,5.191242189709907,2,0
3.8068741408306943,4.482198456533423,247.94205729091354,13.935387588202522,5,0
1.3666797929617909,2.3572577962956167,410.6260380726673,15.061941582949192,5,0
6.58008640825944,2.918024934310772,135.9554213229947,17.640617352071676,1,0
4.088234529255962,2.2756581222830947,206.1927143218693,24.4659588435108,3,0
5.924148511795034,2.528693198969595,91.78119491248583,14.511347420018083,8,0
4.3684839835658105,0.9905475447090901,262.39082456360694,25.06992578498901,3,0
4.954068199371099,3.6585001243186674,187.64909865096664,13.692906809512221,6,0
3.629628243178985,4.109328194737651,199.7828493147422,12.459390179454145,1,0
4.943484493403521,0.33871969230795784,398.4690402598758,8.578918657390137,3,0
3.257508376370979,1.8072001880403854,167.66304773864604,21.033923234771684,2,0
4.9583208944575246,3.060027685233249,234.04779519338777,18.430112125204477,1,0
7.914446150131912,1.802703723601327,204.13997138101402,20.737681096409972,2,0
6.041209436322008,2.5543567716265505,210.41696233300723,18.658103444944665,3,0
5.5821038020527265,6.232203480980029,527.1789609491639,17.95401417974537,4,1
2.3605183639320115,0.9636744290818164,76.50243030541247,19.42211870225986,2,0
6.134512804116,0.0,314.4068542994957,28.76243066398659,2,0
6.3289067687195075,1.8025203753873706,492.73733843796845,15.630309019884105,3,0
5.536531419064404,2.3436806300406157,357.9085771347186,28.271611027813663,5,0
5.428564983476262,2.0200201022374364,254.69421654497586,22.261815674001788,3,0
4.7196376127782855,3.537622394364084,132.72316798749068,19.825989542057123,3,0
6.298805031644926,0.9438364803136574,380.4774334043409,20.772642850109044,2,0
7.794021109973045,0.6494397668074896,343.73459780957,5.0,1,0
5.661056345810831,1.651025651238456,97.03075629983456,16.69168207884612,3,0
3.056565641446146,1.6923025270416812,217.97187700389782,14.648833188932816,4,0
3.2095657116948892,7.241681895898237,129.39060537218805,28.561966641572134,2,0
6.452479746541929,6.104895095856625,50.0,16.293006734331957,1,0
3.072817189958559,0.0,127.06425193816753,17.851000119025894,5,0
5.402109974621139,0.0,260.54392261813706,17.769781328141455,2,0
4.308914517165019,2.828494104759066,308.03191772595505,11.467336791689,2,0
2.855528093289388,6.823190024008719,217.65630468572635,15.19889186117566,5,0
6.6645391771484155,4.332179483652974,387.412539250216,22.0844895565328,1,0
6.413540774123791,2.9342286015944117,352.9439912743952,7.340966078739232,3,0
2.288701393463963,2.087851454576739,237.47223628874195,19.556761915070254,6,0
5.962886924623656,5.154324952881609,224.7397312378841,13.49260105570784,4,0
5.670519989898744,3.355978759206608,288.27396187084526,24.49959489030906,6,0
6.674914404717025,6.463516766360703,248.21535902065108,19.974608836040133,0,0
5.333563877311285,0.0,107.43159184275038,10.401160585949803,3,0
7.853672283511303,3.8472915770663763,220.46180153107983,15.919273917441362,5,0
4.746678236938451,1.8734046649082343,316.5567197875302,20.267800151322945,3,0
4.455811205031667,3.828550435027203,381.4740264821312,16.48022968464729,4,0
3.0504182448043187,3.5017125031927954,346.0163896805607,18.725601664638017,1,0
3.1321161851639827,4.0193324180000465,283.4302697625259,17.903816194679703,7,0
2.951030001969123,4.955164293552379,395.7371642464567,22.33410542958329,2,0
5.436799290821545,5.779585159523655,292.3951668063209,20.197828873329698,4,0
4.461801362647065,6.903446340807232,241.14499484569893,17.758958071787195,4,0
5.66138645331371,3.0315886021147453,397.8711568033473,18.089588691109583,1,0
2.5815024910767925,1.9153000527793727,322.0258658832775,12.585829687084773,3,0
3.288615599652544,0.548356462636554,380.200309375869,25.33691005267746,3,0
3.2549132464489805,3.869772680727169,131.23931324742506,32.811069322102725,6,0
9.338541470251368,4.669834694853508,163.97313710706823,16.348253767242642,4,0
4.668637342177263,0.30310450193778404,168.2594925595103,18.238497354368143,3,0
4.867267356457894,5.289329968497479,268.17766247947566,23.07523471729238,3,0
4.845093985467454,2.7972993792323764,432.43495331622967,23.04734836246063,3,0
8.105658640397685,0.4883664315153471,136.1053127942868,18.89154978157847,3,0
1.773321196501073,1.3034256110107036,340.5365005803052,13.119154907657311,4,0
4.8802009513714735,1.1135144747124441,129.74314557518312,27.090794183378936,3,0
1.754571899308309,1.1490895038018845,461.75194017310355,21.406171599975,1,0
0.5,4.139802792885284,90.33483397492316,19.10274453447611,4,0
3.5315201046167157,4.727655457377098,324.0300328761527,14.385861849307133,5,0
5.824327693007006,6.398291163046403,338.0375423054577,18.28977584320586,5,1
3.404438547851618,1.603555535323007,312.0004988900753,8.927763163687255,3,0
5.791530303050247,3.685912534910612,162.2750430021262,21.704523165255637,3,0
5.212952609009655,1.705948399402687,144.36565279007738,22.923673428756025,5,0
4.721868803061584,3.0402478059914144,377.24006274490574,19.148794959713772,3,0
7.529927119543316,0.039239225348683515,354.84066322349713,13.19873537790519,2,0
3.807926900304936,0.75360571932044,353.4760807104691,20.259487930582356,3,0
5.761310842720555,4.6061209773175555,365.5971990115871,21.93679023347168,1,0
1.393826476509755,0.033068095788500784,96.39183244340938,14.283818166109528,4,0
5.197558875102118,4.229661935355378,93.40289513926743,22.66996111576893,5,0
4.485567926310609,1.6477018958965661,182.8676192343022,20.622587172970878,3,0
2.6355071960232,0.0,202.03585946063717,16.629918430904517,3,0
5.796997557456812,0.0,191.37977813927168,15.211722104506737,1,0
3.522097952196252,5.926922693106686,277.7497972433866,17.105626975759723,2,0
8.46436915435513,0.0,361.52504932817806,13.14666116308613,2,0
0.5,2.871254767971881,220.60047913964314,19.301313649554857,6,0
5.496517083523367,3.707901588753964,168.46827633321396,20.792422603896167,5,0
5.085394548916888,0.3735955419070609,331.2923100889945,23.842982963977445,4,0
4.438272488850072,1.892949263292889,221.80355115707937,19.487243026119746,6,0
3.941528598953976,3.9576478200156258,260.7324883134119,19.95658883105268,4,0
5.137256399865511,3.586632369640948,216.75267474884072,16.659961287473216,1,0
7.124382615254382,2.078848867051491,283.997035956924,13.629482185686633,6,0
1.6556289818477357,3.4738092593506438,148.60958670070295,15.85034014537896,2,0
3.388026206379633,2.7955306716288453,322.6272225877149,25.140354059512436,2,0
2.899365731355719,1.0591668408749446,246.72232980423033,21.17040468376488,3,0
2.805415460554613,5.400980913547462,173.5683769772176,20.036985888221853,5,0
5.685498010870852,3.414841169922866,303.0932986349377,8.923146051516273,3,0
6.178674569467698,0.0,173.47288709221328,19.564066583718493,3,0
7.130205737464075,4.043349298343493,177.89274020042836,11.351586963036858,1,0
6.210195665259169,1.768968300012731,129.87231012420852,11.708157028475584,2,0
6.372283848483533,2.4211276187038147,79.64178397270419,12.268236955774594,3,0
2.1763835585173545,3.01638966839348,303.42853792078427,14.135832699818504,1,0
7.967126483251917,1.4141049940278076,366.56166491111605,22.16694744980706,1,0
4.580484938490979,6.606075725788704,204.9400275315968,19.13296063088999,4,0
7.065992158192779,0.013364549463158681,170.1527488812408,13.28426861011249,2,0
2.2476659671641315,3.1133749545968765,68.77052207515425,15.096294408582645,4,0
4.517160328963551,3.7627031623098324,50.0,20.49157210226619,4,0
6.886031817135475,3.082425550056004,322.67305457153486,21.489035678668273,1,0
5.055848885358952,2.618028383044057,52.599219773435834,18.66816596594367,3,0
3.4920602294191827,2.2459734340264186,135.60664294024735,12.262547924631125,3,0
7.619626670384248,1.39364010840406,278.34313183720053,15.937369637313584,1,0
2.657171215812022,1.35817368365432,258.9707262685004,29.904957446696706,3,0
4.959146515505977,5.317086902535562,282.47023835507224,11.945629834411658,2,0
6.280341421765291,2.116506553006151,250.69194484885884,19.87466434223841,5,0
9.191380659920732,7.2643713336127576,214.3073146205148,28.604164976670177,5,0
4.083288814508588,4.337880637591536,136.21343253462157,16.63257883347519,6,0
4.447097492680326,0.0,186.5856554727681,27.169019296818906,3,0
4.11061773329905,4.7665180324551315,221.09521239388474,14.561576896183556,2,0
5.4769403178290945,2.8936803885548357,60.96581977329464,8.125524844653002,1,0
6.175856535995729,0.2200965052323527,171.36638961227186,15.103610135269033,2,0
7.186626757336638,5.608510399651925,212.77814903532078,14.211474993136967,1,0
6.51209555196162,2.128166133092944,181.1035244146501,9.649109037918867,3,0
4.005251700699423,1.958135279436433,215.7445481250631,15.912755154723403,4,0
6.6267420452588475,3.7503800338845865,316.872775090128,22.95498089862475,4,0
5.183091288089456,5.285660679112469,329.14859272852283,15.02939905727549,1,1
6.490504457636408,3.2268303963963163,401.1353147977536,16.11998421468513,1,0
6.604734865791762,3.0836386957906776,99.209763663898,24.852543265541172,5,0
8.260251492019654,1.6062679710934937,207.92548511019328,14.258645010129676,3,0
4.290818734994037,5.251513698064203,372.75795050671235,21.094638067976188,0,1
3.9088947945262262,3.246101573117559,75.42640854234037,9.462835447755582,8,0
5.89432682617144,2.5491137451659998,132.37707476625133,13.16928985605082,2,0
7.365033835340626,2.3009862460824593,188.4264333028444,16.932844674008795,5,0
5.11612766004887,5.0536511911741115,454.4323802374797,24.04559904975298,3,1
7.495424583719638,2.475352807401744,152.5467295905267,13.437299912897135,2,0
6.380116679617332,5.058795236270642,358.3820641831258,13.377200858979164,7,1
4.597569044215819,2.056850593286928,247.21031063299907,19.361762437959815,0,0
6.126671006117812,4.444610967565479,135.35459838971212,20.164432473202243,3,0
4.130346417464527,3.414192360684724,529.9824146337832,12.82201012610037,4,0
5.477200146532201,1.098490022832088,269.4648003905807,15.390521311958796,4,0
2.8536817103375287,2.8260478047465516,287.6202317860116,23.43330413925491,4,0
4.863686739131125,0.0,303.4507548206712,12.099954563263234,8,0
6.999378307890712,1.511920317936297,295.6956182172116,19.707383695235393,4,0
6.534293802871484,0.0,465.207335586206,15.412332555434027,2,0
6.241683496066677,6.9950001863593485,428.5943848269591,25.01290708521534,1,1
5.5749593500296415,0.0,156.84018564711943,20.902098782336793,2,0
5.319692099425589,8.171581254435957,451.87249129722363,22.40281447153834,0,1
2.465885795869866,4.028559065336965,179.9867047050091,15.312079724060201,4,0
4.587829253922793,1.962265664093958,282.2240880882408,22.12257578009298,3,0
5.365231567330792,4.612720201241652,104.84818815716272,21.992385052226233,1,0
2.751193008519455,1.7109705616809001,353.6606413864952,20.597444370740064,3,0
1.4964881664202343,0.18090223918478365,219.26387586521503,16.586953662543873,6,0
7.257665493886893,3.158140536417656,135.0512363421518,18.81302672525019,4,0
5.101677053219678,4.400145392652481,368.8501014034706,8.736452325673607,1,0
5.419958561515566,5.556821790523776,393.6201394905221,26.795023090064443,1,1
6.111253645589746,3.9954602191179838,397.01027817186963,14.980387031281417,3,0
3.035666099030138,1.9413089526613378,97.70495506147762,16.325746351944105,3,0
4.193008411874744,5.772552164161645,407.35429200497174,11.411007337902998,7,1
8.008135209040397,5.32595165247208,219.94843195028682,21.364474331495728,5,0
4.022689206776533,3.538035055543082,455.1503470923898,20.64605021955517,7,0
4.4682894091062835,5.42155549364699,312.4953698064157,16.52241853372241,3,1
3.6610236699956387,7.369620621969616,275.1331260458493,6.326637758421455,2,0
3.518291547038679,1.912832119812534,250.85210727383918,14.442222529852515,4,0
7.2109627046842295,1.200644635433993,248.63370766600823,20.300113493971583,2,0
0.5,1.85462161914407,182.04856844243932,19.257108037023233,6,0
4.085972360295605,0.30069994006831324,143.19361524371607,17.768992644455174,3,0
5.450820285259985,4.182429569233384,213.73380286439212,15.880261689626051,1,0
8.393582197480576,0.0,369.08885364487696,10.10689925785447,2,0
2.729549288223115,5.530028468143395,110.33750341630494,22.819352594997028,6,0
2.388657305927517,1.655636727653024,384.06662306033917,10.799394354602939,4,0
3.27979935734387,5.717415597688317,264.33897463604586,16.978753439603445,3,0
6.403410793579103,0.0,328.14746188612577,12.825544906554413,4,0
5.25057092655738,2.2296247445923387,333.3160494025808,22.968448381503187,3,0
2.1147286579736386,0.4139791684874927,342.8344974558142,20.91013676808634,4,0
5.1991151951999335,5.706709845176405,252.24015880397133,16.21398854369654,2,0
8.102875531778578,6.358049597007657,255.2343124651491,21.45592079188621,7,0
5.528960802146271,0.0,339.40966759537065,10.541303462293175,3,0
5.329115781257293,4.731723116667574,145.87052385688997,17.602510270657003,4,0
5.449484239164349,5.137374707317814,130.55414434248058,12.725682850882048,6,0
5.829005441125733,3.651369050421653,203.53130774758597,23.12531648025559,4,0
2.4657968771963232,4.176326618824044,278.8090521987325,19.87144755065423,2,0
4.536151995772754,4.032110029551129,442.0871149939786,21.24971508906197,6,0
4.640487733847185,4.739016964000239,254.79827204466122,15.233789078987893,2,0
4.033061960045,0.8150659190473202,450.01525124929094,21.7240552459838,3,0
6.372243217547741,5.400988688880034,301.5457697924836,12.415098457047357,2,1
3.7320130734869714,3.418692671790858,204.65373496306296,13.132370956762726,4,0
4.280063157151751,3.2986676795396024,364.70686485209217,17.1242177282022,6,0
2.4796546386916143,4.133249898482141,225.71371754279483,13.326384095957495,2,0
5.756621119281718,0.45846242234091905,275.12094484418935,21.54802444081394,2,0
6.883805923522042,0.0,116.36286967231305,15.632718701726514,6,0
4.2779589647954275,2.757935675394248,99.13362301777602,12.596702852128752,2,0
6.614780821307807,6.087077862761596,305.3655530807516,11.949090474513588,1,1
4.706086449125609,0.6292347425990288,360.37289539515916,21.486966630976394,6,0
0.5,3.350308881332948,444.5667502553276,5.279622406329695,4,0
4.8969693305910535,1.5666321841278448,169.06275586561833,12.944805686329001,4,0
4.648857581631914,1.2980431414940923,396.3744124990845,25.01452391981095,2,0
5.205991199523361,4.001496731953684,381.4446899976997,16.278183346615698,1,0
5.5063708702811835,4.518750998778904,200.88371409632464,21.582265965263183,4,0
3.6321569493010504,1.424897062073557,388.8086889456378,20.137496604460086,5,0
7.942629955519891,5.7745005119335655,344.42163762851976,17.045628488231106,5,1
4.867676892388834,3.845007252985075,364.218307853958,9.70544708558359,2,0
4.6006726516271685,2.5166440709734585,466.73603787432,11.370649556377597,2,0
6.489059216602806,3.6950360718105375,360.0661847549999,11.286401675811025,3,0
5.0370798905780685,7.072695029312434,50.0,20.41025364150155,7,0
10.131683318488797,4.507061502201365,282.2560495997553,21.347902867401526,3,0
4.580184417784078,1.6026061294823835,93.31984989305161,13.605927104809403,5,0
5.703630901827792,2.962585009445956,265.1450070277146,17.6061408529155,4,0
3.501694690265878,3.2625377423430115,259.36278614553055,18.040573492361055,2,0
6.741071086076504,4.330713575289908,191.63050972380762,18.390975658467127,0,0
5.617436788387681,3.4790954417384627,147.2396856826616,14.190066769395841,4,0
4.322063898353328,6.790647817904341,196.9668099252765,26.1902779918547,0,0
3.2551238027966445,2.5466271425976608,216.28394485719133,21.389370931876684,1,0
2.381155400797352,0.0,236.8295154065388,18.36541882395419,1,0
5.837429117751588,3.429057138994503,260.5433906136862,15.405849095400573,6,0
2.226241058945946,2.117749601607785,308.52508255422674,13.832157742487306,2,0
7.616948338400326,0.0,218.74476909780458,19.989475467329743,7,0
2.47430950046327,1.5929520366657726,377.96484346719944,15.6311397611538,4,0
4.643250160783454,2.2832240636453593,246.17614923219074,18.668659632976734,6,0
3.2369174558523337,5.279608432500972,342.44908185733715,8.503444145773832,5,1
5.065372468877153,0.033503364204250374,219.55191826096922,15.351030898456525,1,0
5.053014358750609,3.6995705351505674,524.370916933686,17.45456051441663,4,0
5.88960599603915,7.440961243042379,296.7264175033863,22.83906105402268,3,0
1.9474420123300193,2.650276728646637,413.5298601316605,13.388379718661318,5,0
3.472594681642086,2.5915190206696566,180.605801118721,10.570833802264083,1,0
6.941094902304396,4.439553038955397,205.28497216938675,20.223611310370885,3,0
6.3171032040080215,4.044363191827214,224.7862347350589,17.679717826771302,5,0
0.5,5.83512444780804,497.29999267680864,9.389882095926904,3,1
5.754459173189692,2.6657777442026456,228.72599819344,9.639202431777523,0,0
2.935070048063795,4.404385823299259,167.65659050432657,14.765620489648674,2,0
3.8163542465894276,4.436201577748041,380.0906453547186,17.581263061741435,2,0
4.545344825371329,2.3288882136973945,255.88043457362681,24.946425645467993,3,0
8.114780315299333,2.7720396200359425,228.18805393491843,12.594303336633555,4,0
2.9146051816334277,2.9776016570804593,188.97176885221415,20.69388563459475,4,0
2.1922132971996917,0.5246003707191682,298.8828558202015,8.195746010835535,3,0
5.900637653561448,2.22264321309272,356.26556336097,19.804804438625258,0,0
4.943964755332,5.9923290535337586,328.80854407681363,25.53292423066787,2,1
7.4140064775050964,5.075433231342235,202.06662225046182,18.70852358326966,2,0
4.294332188297285,1.8401281685690187,151.22973123444132,14.659177046132363,9,0
7.421634518383996,2.968515702934734,50.0,24.162680775002844,3,0
5.032537195436557,4.942779778855085,155.4531291823768,19.74440915651836,5,0
6.058230217127441,3.8868113750844397,212.78654586586515,18.767973033677556,3,0
8.247886974032536,4.599821904981608,244.09601684093133,12.911335299552697,4,0
4.665504190521654,4.068256237589348,222.91887271972317,19.818849533639153,2,0
7.089332471350813,3.4308228054602474,530.087694760939,14.576419228259661,0,0
3.7728028565239837,2.6682146343072333,299.1365137232632,19.557210423145,1,0
5.455077907792482,0.6097828794795883,126.23572738719714,18.242695699113177,0,0
2.1106816566334166,4.384469770936516,315.5567398421837,23.420582729524533,2,0
3.9913600620415384,2.5564959639851805,289.1476720771154,15.119970397523803,5,0
2.883929482283711,0.0,145.00893879811943,17.25326635668609,3,0
7.441505206509476,1.9086820135771356,278.8805553332357,21.99156618450569,3,0
8.477596721901737,4.704579378905624,303.01512631836033,16.819812142232294,2,0
4.290596111336118,0.0,352.45044244477174,17.892369271555918,1,0
3.4539236351978184,0.9409509696084122,72.43277464982762,15.9663430924241,3,0
2.37211100658006,3.274266802638433,314.8078011213507,17.181770805924856,2,0
5.529082752204134,5.81143728678853,390.99046552689197,21.35478786047906,2,1
3.795427290663179,4.9999521378676395,438.76865790080444,27.179562001004143,3,0
3.9025673173034647,6.003269237259946,127.39324735535655,9.607494057258812,1,0
8.25917723486387,3.415563697452434,235.40477273664732,11.674905358432682,0,0
4.407202696907635,2.5816391310659332,245.09344715326552,17.292618982672014,3,0
6.173299140677339,4.686613348865911,317.55187365822854,18.248218817837596,3,0
5.105922179829224,1.2012654403254879,233.53709024718123,16.911740546074665,5,0
2.2895891853191324,1.0452334995307275,178.4606428760826,15.233607135659646,2,0
1.3102392543237893,0.6898204496639622,271.71763725848916,11.838212478393284,3,0
5.975044117391357,5.177769241930122,216.2497933842535,14.94617546433854,3,0
8.408221041733608,1.330838845045681,306.2189530685242,22.08618309498944,2,0
5.6299750708410015,5.0012068170325366,169.04326131541268,18.465333881407794,6,0
6.248180366368271,3.2969005673021075,147.76903439520655,21.377809489524513,5,0
3.1905873888290395,5.203479299089189,381.5440218224961,11.982929650144353,3,1
7.029788684126018,0.7892356372698766,477.2527613804433,25.220716603564334,1,0
7.0050089097640775,1.7489686866359824,432.2271226723243,15.190576743687576,3,0
3.6076030553916425,3.9079781287590896,242.80744070514749,20.37600813973549,4,0
6.090817547666255,2.138080186599693,355.51271715811794,17.374597340149915,2,0
1.4671642986540654,0.0,181.37172177866302,15.299928307149688,2,0
6.447823933517974,0.25548109518041207,300.8179289052328,20.164092706326613,3,0
3.8551648284399085,0.7734866119580137,191.61972330800182,21.002548986135935,2,0
2.545741726179959,0.921707739279161,375.6504117940111,31.440071452455296,1,0
5.805279913984007,4.363566363669259,362.34647179238436,21.196349737388978,1,0
1.4565400697687094,3.6740973816894904,457.59541110974754,21.121345771704128,3,0
5.684827161536647,3.3244492267563195,227.06949124675012,23.7244081184907,3,0
2.7354417409102076,7.017338016478334,407.90337010920007,20.659270102369003,3,1
2.307447753536281,5.350448911135667,300.64650619280883,17.806426155267445,0,1
5.119705922759368,4.603638580402104,257.53884692343485,19.62862517121815,4,0
4.654897484970265,0.009467879997150597,283.699384009656,22.274035178256803,3,0
7.913578902181014,3.119079872461988,419.8013161503488,24.953815860167403,5,0
2.4303974997547613,3.5973933246425327,236.80632851062458,10.446576482929702,8,0
7.750108982329418,2.169545541478358,241.89381381154263,8.54879667931502,3,0
2.7247107914614457,6.412759561564817,50.0,24.741877241690233,2,0
6.838884832850081,3.102407821147929,235.29519353019532,14.012697385967881,5,0
7.2121850457067485,0.5433024695241917,276.4361927958183,9.710335031395205,3,0
5.642917571781851,1.0052452585018279,173.775222223945,9.240182326472091,0,0
3.4180922389231716,7.564684676453131,149.21448013185557,27.00924012817945,4,0
1.9540910560871039,2.159754045456213,64.87614238482718,22.388064072639953,1,0
1.0964470328096394,0.0,191.53494046967816,14.024535926808237,1,0
8.70458190814177,1.8013110388669988,392.1179096797116,14.231228297163183,2,0
4.40629021253606,0.0,101.81476968909811,18.274316435780708,1,0
2.7906649045449696,4.8346215969416,328.90172518121636,22.296952489099255,3,0
2.7136787879198394,0.0,337.93465470270934,16.52996119433811,5,0
5.335724787213521,0.19558981932637565,495.28616211424014,14.06985862798383,4,0
4.210295792791817,3.0079771210222455,353.83551849025724,23.675232809348454,3,0
1.1614148422860637,5.218760334032883,345.4579581106178,17.870809276419333,3,1
6.729081338926899,2.8611318630413405,286.7697253224879,17.04187042171291,4,0
5.66996711099585,0.48470912440190617,250.08573342459644,20.96062312372674,3,0
8.679821998337767,3.3651259813906855,335.2199513095519,7.318341441820081,3,0
7.281582895109078,2.064405072047732,374.8701272708039,20.370674005915486,2,0
0.5,5.265404346432223,267.04963074522857,20.05458066796517,3,0
7.833947947675126,4.709576002826093,379.18859018645765,11.105417256413336,4,0
7.414982498549074,1.9256810750386737,538.3211296337688,8.293134355086616,2,0
3.527254495288,4.559545620806254,257.08589048203163,15.178192232194203,8,0
4.1348484857538415,3.542451228398312,259.9001627589321,18.91486680152631,2,0
5.823450214482484,5.733618933440565,240.78831620763503,19.424355087054217,1,0
2.9715699824063435,4.47436261339715,263.3742941286992,26.520232399109585,8,0
4.514542263574339,4.093991449755271,372.310529397635,18.917097295106014,2,0
7.000074891651827,5.655918957341926,258.7054636807589,11.005866699192175,3,0
6.035455817380161,3.0308093631152015,268.9178082311353,16.74514277985001,1,0
3.666430472076521,1.4537990881218585,225.03503343392097,11.506783025055585,3,0
7.045521113282449,3.40167947738821,298.90575005415553,17.104482231836748,6,0
5.605790525085862,2.2891713917429053,199.68036115826305,25.04455378741463,3,0
5.537410905893747,4.208393098299401,127.38526354801508,20.296214031896554,2,0
3.9701352740375917,3.123888069956375,294.7671990836994,14.396076015950058,2,0
4.986922912662276,3.8058737448410613,447.9384471414302,20.961703849106954,2,0
3.4518170367604544,0.5917705342089725,221.00559336333208,14.111089181478004,4,0
1.1188968305927003,4.0165730707112495,145.8794862872712,5.0,3,0
4.440415668602032,0.4295544262915816,441.5642020659392,11.83258045039937,1,0
4.755695507810403,4.9235203630707005,254.55606977198514,20.29220200926649,5,0
5.274577558975331,4.9265087531780765,344.45582824931876,21.861680201471547,2,0
7.42430919673699,3.6959082652135793,177.10341780112503,26.58823843340403,3,0
3.69543031054658,3.6201738167050634,250.97705673532414,19.705898145016782,3,0
4.264495992970561,2.5526878587741595,390.0554386500802,24.735796467043023,5,0
6.532355195242437,1.7935426567392474,263.0772468944197,21.15046579065752,4,0
3.494955770836309,2.9700415891412444,264.3202192496382,22.687013552360163,6,0
5.3074990576169565,6.96536984321834,101.1406022037597,23.508602432945395,4,0
4.183435972871288,3.4586378335760446,328.70334719498476,20.435085782101403,1,0
4.512751234577147,0.3085017919008606,171.4117876925032,23.37424360840318,4,0
6.5162897784213545,0.0,361.9700400573625,14.507234753086411,2,0
4.253093888039119,0.12385129701958597,270.2381227089309,5.866910198844002,2,0
6.581488014479669,2.244806839463079,279.1219121762216,21.253698520465793,5,0
1.095133783589684,5.53159816873269,327.25418190513193,19.873892654293364,2,1
2.1407706521610774,0.9530324272626132,287.52694490432975,13.62363950712499,2,0
0.5,5.843492969190985,421.8453415569429,11.687737991676695,1,1
2.6684587656660663,3.358896783473149,406.0038598858355,18.653374499463098,4,0
8.713687325698345,3.9668873365566366,128.27561063728655,21.584609761927553,2,0
4.964928182633094,3.9120791767673895,232.92879987434785,20.599550361682926,4,0
3.5573944990850865,4.181330593408756,333.65348805804115,12.901773321274801,0,0
6.565613649984847,2.1772690239556876,155.73970379864963,14.023081603146473,3,0
6.848022114514345,0.0,93.19392405477512,21.347426775873586,6,0
2.558304371874948,1.8232859550687193,173.97954212446172,18.363430625318504,3,0
9.996400235948226,1.2242416289276454,238.48345938133687,23.300769573728754,1,0
5.552661686002112,3.621124967408555,50.0,16.38364030142366,4,0
5.804703976908683,3.438477834980676,138.61103470354522,21.69762400402147,0,0
5.994466302715724,2.4552407538295484,72.14647308054472,17.801750869852405,2,0
5.9902757400919455,6.5110499601401735,364.6672268128483,14.385993814510137,4,1
3.7570531905710443,1.7185427747467106,343.14788266529854,22.64081416755058,1,0
9.225038581925604,0.0,277.8563689360381,13.037195423035792,3,0
4.429623106512681,3.2389133468115743,260.00118741213805,18.370759479655554,5,0
6.915035555286652,5.378389944187894,304.480684126944,18.88743207738907,2,1
4.050130755557504,3.5743217552055495,150.1664810503828,17.398556442481016,1,0
3.695466993793371,2.2867230117219126,375.2888995413658,22.95399750062682,5,0
8.80372922650198,3.4808950102800225,259.3021288221432,20.863076960284136,1,0
4.783257926762319,6.677813128619009,341.75992702596295,20.267142446111748,2,1
4.931785598020911,1.2497439440786327,337.641536646464,18.342315321858646,2,0
5.56723441101002,3.061746368408506,303.41144682972697,27.281638566812436,2,0
10.203540942641604,4.339885552321243,281.29179889011715,25.323336294409003,2,0
9.337522335842854,3.5077743813311946,273.843984438834,22.59714557919226,1,0
7.567565216651547,2.5042658815094696,243.70230801855078,21.775513653966982,2,0
10.707245165480899,2.1473482671163815,298.29567337840797,14.98870911358977,3,0
3.1108465601581825,2.4296110506164315,270.62092083078386,17.754603978865905,3,0
6.311767981382779,4.064064650845332,201.2979136965494,21.179104515738093,0,0
5.151645861960876,3.947544723717696,310.97147286535096,23.25790522713247,5,0
1.4618245359282867,7.189437167697088,278.0500022919833,22.460239017136367,7,0
5.926193861327551,0.0,370.978818784381,20.904811473618008,3,0
4.018347040171902,6.515813379709201,68.95832166422551,28.003129661071668,1,0
8.067001681960619,2.591047341150998,253.62205704652666,17.322059284855833,3,0
4.2099562711232625,2.8188259572237726,177.50970737400274,23.065949022551944,1,0
4.096216061554315,4.717466270318669,198.2377255579164,22.45720023367082,3,0
8.06613765170261,4.704816820319949,305.9748027589903,20.220329889616803,3,0
4.869092043155657,5.313236067830026,106.39395051636671,20.40250116567829,1,0
7.325755387494311,5.749554577841904,263.31356462499053,20.30172402412822,5,0
5.848718879846598,2.920338009432039,253.04395623947795,14.458818404176583,4,0
5.875542922606945,5.775261761568091,145.0050422069373,20.004305057334133,0,0
4.511905254239187,1.7416876277566025,265.80728970912423,21.74140323574299,3,0
6.004420091414016,2.389406048556183,173.8446824573789,19.609682220948187,1,0
4.73701637602155,2.635969862034322,469.74837210545815,8.789586211956054,11,0
3.3923931046872626,1.9467407742069327,370.19666345182935,10.069155665295668,0,0
4.791491369367091,3.1197126486917504,256.7259959524897,13.9088400824883,4,0
7.575661577350115,4.792849443814825,206.82514746091283,17.440363747974796,3,0
6.072018451182732,4.302691954903296,300.4050337735262,14.177265474462443,3,0
6.5368814626535325,1.773631333583454,326.74759178141846,21.22956007709601,0,0
5.0029347428842215,1.608958569787108,275.45325897876387,23.959994577661416,1,0
1.1244196876370092,1.2893060085214656,148.48524636255644,24.668348705739774,4,0
2.557143003161848,3.177583644635605,229.04122337970836,19.684056361937323,7,0
4.421988892912266,0.0,257.80130744555896,23.42080508477433,1,0
2.7298753089654246,1.2187992022957288,279.02750174592023,15.187241131906333,0,0
3.9512848748184557,2.082357854649792,281.3363151141769,17.24173163982898,2,0
3.8788908605715955,5.110741915724706,323.0832235194925,12.165059089296681,4,1
3.939182519744868,2.7356594576583,384.17202887201154,24.034496744858657,2,0
7.874339710608224,5.011717968931714,351.25637066960275,27.829729260032753,3,1
4.89404345014094,3.375149586381948,309.03198457071824,16.257011417325856,3,0
6.869340316201069,2.0514016683608522,124.22960088871406,7.149195307199225,1,0
5.327889889116052,2.1337162011267288,368.63432356827104,13.222990674467237,3,0
7.831493215320226,0.6678837628433278,331.88063521069773,14.74913863956921,2,0
7.041959210295252,7.806363851394354,224.42087215359902,11.368986053181548,4,0
3.8169682606588653,5.22102510302488,252.97390309561555,12.848461747133271,4,0
8.92325894659636,4.207451150915065,256.5580971370178,19.023091127952306,2,0
4.090955185963167,0.39338063278396707,206.21776755696757,21.298612346938853,1,0
5.400001331663322,2.096747822587741,75.19654628639944,7.678045179855779,3,0
5.754053666060655,1.0493326446195557,138.34573566524622,15.339192432592752,2,0
5.976729520428996,3.2551364661078246,159.34927145021896,18.188381023542938,5,0
6.592359789952469,1.1453854921387199,53.216987690742,12.666162226576695,3,0
3.4864311625046183,1.659418839101102,138.6733731207591,19.18092077648945,3,0
6.424670533626735,1.1976900973220908,364.11994149084023,17.41085141203373,7,0
6.162291114017346,2.5204933504717184,298.5918339459116,15.757046892749688,4,0
5.0009440695781695,3.14284996087361,152.90151347843099,13.677541941216813,2,0
4.620512992091878,2.5734761119740384,181.1776442172029,19.36703894875197,4,0
3.3837967089485836,6.0658129308232525,372.9183625940799,14.18256187643187,3,1
5.9607023242489054,4.622213808906276,370.4467208253648,9.334931057543304,3,0
3.679060960083408,1.4339344028021899,256.98879958694084,18.11049661775468,6,0
5.475761540399296,3.651211362886844,367.47976933816307,11.804883698450684,2,0
4.797341954363819,1.5986777958734055,173.40959890539517,9.769018498106458,0,0
2.331678488501549,2.209752143438624,272.73599201208276,18.647610391349428,3,0
3.1331229722540135,3.9583944065520806,102.56491439753057,17.18545421857009,3,0
5.809551715547068,4.331299981167821,213.5679837151038,13.66831691406069,1,0
3.951363772061184,1.825135971422011,252.8076534494549,19.144701219481384,3,0
3.883159663024934,0.7902608264289825,81.49411025824477,20.11966155806774,0,0
3.472105195511295,3.1754069954486623,309.31161204003246,19.199142689617865,2,0
3.5399769542710278,3.869244817163887,326.0201632625531,19.017623776074355,4,0
8.285333035712696,1.7234223387665497,351.11190714443535,9.973084864700972,6,0
2.7601217259907664,4.633109035131197,483.4246897312939,24.466185261748034,3,0
7.945806491330355,4.278586006530881,291.6714349258916,20.78735264045935,3,0
4.338537558403443,1.6942579281927885,243.59171234311572,13.246045407336123,0,0
3.692491014844247,5.260324371718328,89.79169905005557,17.941209708030595,7,0
5.7676471276625385,5.3214545686349854,289.1952431600848,18.89145470562829,3,0
5.106081568540894,7.13533621124725,305.9432845408076,17.803300220363194,4,1
4.605000098262671,6.42351943596755,114.39877284005743,26.96530495905241,5,0
5.439767260986942,1.1947735549515663,225.99126800328003,8.273741515193748,2,0
5.074396393872536,4.849965041731602,251.11325927173442,10.619012796470454,0,0
4.568804497320319,4.759258593178627,302.952544432806,6.505320804186409,1,0
6.87134875850148,2.303033601154261,335.62414122965504,18.399380271351127,1,0
2.1060465689776793,3.909849456132065,196.34427161888053,20.720074691532066,2,0
3.1706703536711736,0.0,270.13608286844857,19.807995170727512,2,0
3.42356966539617,0.0,307.3735482229865,16.554378516077495,3,0
2.884126675982182,0.0,231.82207672198928,20.032701468759903,2,0
5.171853218664813,3.778513842853455,207.85377026378023,16.51775242700971,3,0
6.010839118148984,3.873018263840123,321.25794466100615,21.703628414913208,3,0
1.0749390109581571,2.4522317736511603,232.22841337298544,23.536471286928055,6,0
4.051893853928387,6.442338257518528,130.29143184497005,13.344059837732289,4,0
4.356672838901767,4.97415080581857,387.30423293848014,16.561812694814936,4,0
4.428288087685139,0.0,141.37083430020718,17.371673073637393,1,0
2.429824060266948,2.6560515882291544,240.54934577309194,25.12716639764816,0,0
4.3733582543447405,1.120629367637393,282.1763559463901,13.932789719972714,4,0
3.17775421625979,3.82799173744302,295.5208248101647,23.488314057983004,2,0
4.33124578659736,2.938842150469257,266.96168067176416,10.669701648008651,7,0
1.5607449626689291,1.2340432521871139,50.0,24.217728005489036,3,0
4.34488115326204,6.388945061055871,179.7486310176662,22.259417046885225,1,0
3.5619328080750137,3.114793815917488,279.6290348483435,17.2217123085505,1,0
4.475037904506223,2.167920921059517,239.09067917237462,22.583368559235918,4,0
5.601585420628949,2.493720101079388,301.16663001659015,15.495297314017092,3,0
4.910529879169559,6.237336092417253,352.1494986407439,13.38593525008783,4,1
6.586790403551115,4.822549279668111,300.6687379519185,26.53231227873404,3,0
4.278467173607315,2.6752977836697647,177.09842775189475,15.294094227332696,2,0
6.237769635730186,1.015820639800756,196.14973477773367,21.385011986568678,0,0
7.249974212760328,1.3276097236808406,413.14404017982645,23.54420709535853,1,0
5.547519410927907,2.0357147779906013,232.08908491461946,22.03166009529465,3,0
4.958404338935577,4.014331518431108,240.4591818233352,20.99635835436375,3,0
5.828724168357577,4.513063801973422,300.987598290676,21.40088040031638,3,0
5.618167234908914,1.5489176820499146,373.7221642884383,23.287265697170966,1,0
7.002486016186516,4.601520366743006,159.87357744201182,19.58860867506467,6,0
6.587598919019731,1.1827682240638056,200.3883221818476,17.801789610525432,2,0
6.611654420849547,1.77645269206896,89.60382485733908,11.15529721648403,2,0
5.08805191512362,0.10095295858907738,220.362810624675,19.59063431186848,5,0
5.682453265384968,0.0413845076332211,306.75933646089624,23.141691884789406,4,0
5.645052526511934,1.1611452784069312,213.5759517948722,12.496389001682543,4,0
2.585241195784591,2.9485364882212948,425.9812923173678,16.854716389291553,2,0
7.137832036850624,1.0120372387784193,261.62017190958096,20.12686553399494,8,0
1.6614189401110626,5.996168723411412,239.77342550160097,25.561828986856348,5,0
6.4243733152540745,1.135006027342083,214.78637841789578,12.207154212268346,5,0
5.533992193715417,3.3678928050028394,114.01439755280975,21.96726244417217,7,0
4.431423544461589,5.640485934505334,240.96676944898417,16.21106545759594,2,0
5.782380317652502,3.185025208547509,285.83866131281746,14.631837117847423,2,0
5.837138652458896,2.272168351661957,238.19302440778543,13.4099586744265,3,0
2.3844001864938473,3.294017173107111,273.1113271049512,14.722287320945293,6,0
7.832252564163012,1.8765306718787114,182.93237635949015,20.495532209899615,2,0
5.144276107703333,0.9983816119146125,125.52772030812338,16.86114361878018,6,0
9.62946460908184,4.225412572068938,239.37913082810007,21.571187338658543,6,0
6.579542057273413,1.8337770458271143,272.06069229588815,12.390755778259315,4,0
5.098794693830768,4.873506527060852,233.13089650178733,21.484985514615744,5,0
3.6199214280147647,4.592525599053826,270.3515603718548,20.168967025095046,4,0
4.778320925614543,3.332633018750247,327.66424893377894,10.461017777054046,2,0
5.29966145716533,4.941771778176316,327.2834049266401,25.531166176984435,2,0
7.930860308655442,1.9118815639623379,335.7371365175636,19.699524648328605,6,0
7.4533196686210585,4.567553811310024,350.5326025666313,21.827153646175475,5,0
5.902976964949893,4.5571457945557,299.7081941003202,23.780678743228197,2,0
8.538382338473328,2.397157021510164,285.632582957306,22.841875831767396,2,0
0.9676377407988959,2.1405612218016676,444.2961434844482,17.369487917209213,4,0
5.925574773056615,3.658057091654933,328.3619830540829,21.62580066701701,3,0
7.511303837040869,6.936488910323546,165.48330021599617,8.949784387359909,3,0
6.094875542831101,2.5355290773529933,63.69531431775246,19.968831211520207,6,0
2.334384042353003,2.098455253413253,225.8847507738347,26.662425038478126,3,0
7.778886267035588,5.356789603153555,312.4742026481505,14.523112672581185,4,1
6.522697126746869,3.136265111398698,345.89501074502397,22.577267605386822,4,0
5.68602392042692,4.732042129969205,124.9525856396513,26.86491926048511,4,0
5.176715982312144,5.949262255030243,322.9421938350336,21.446034348245384,4,1
8.98740413629751,0.0,363.46860199275613,23.127033625709945,5,0
5.889035087465904,2.924840817102152,310.8736896091872,10.15263773474091,0,0
4.516160682525673,2.540392593368453,291.5725509979787,13.32537959280578,3,0
3.3772429982088807,1.0753384651098319,236.71893911975238,25.14867633095035,1,0
6.515058278417229,0.0,203.99979358881941,22.80175076178484,3,0
6.972466790551202,0.0,328.55463198980283,20.48010531760624,10,0
5.1130311089673794,3.2087375637388362,308.33469497415206,16.676941988826606,3,0
3.884443040307846,1.9319279413623367,217.28629533617274,19.423105237685366,3,0
7.6601131964241,1.3963328261604564,504.210634866988,26.690733791630695,2,0
3.225169164606335,3.1888547594295193,99.02010915164732,17.49048814112286,2,0
8.93889076266396,1.615705899247855,226.7868747197678,21.49625544414382,1,0
3.530932363303937,5.580361277557206,172.86027845566056,21.364899802348464,4,0
2.4434039723026646,1.7582315216254725,288.4175881337664,14.670745386581729,4,0
2.6992666052732677,6.010643039945128,55.103636178142466,15.056576782478825,5,0
2.780558343413531,2.9399685359041956,376.9266272924928,25.63506630612996,6,0
4.526807791926305,1.6962008122499137,350.54503350780783,20.85064972758923,2,0
4.063654968798313,1.5508704849176311,276.73544374262525,14.59828690450063,2,0
7.049279649661431,6.0275885102620865,218.9676084194603,16.443603580602318,2,0
6.764149630578961,4.3916667599113,321.6309850566015,13.07206089664222,2,0
4.55297788196862,1.4811636341731647,282.87063986250917,23.332508295905207,1,0
11.20676881152974,3.2381531364492178,345.2016545329308,16.741165864648156,2,0
4.526477866430014,0.0,237.75471864622543,16.80777166425219,4,0
4.79296728987427,0.3367913627760095,231.85257976439317,22.20459318265218,4,0
2.4451641037352303,1.4994226616519228,357.77374176922063,9.602866903076436,3,0
4.838919350750059,1.45036547279897,313.36620212924095,17.815485796356164,2,0
5.594801382782199,5.426029440160011,232.59868846738428,17.945494014503097,2,0
2.6315582122123775,0.0,286.78381933988965,16.571957413054776,2,0
4.00261715038061,0.14438694183125333,268.48141676122486,15.252311007110254,1,0
5.654021459951226,3.9047889665807394,296.72036928277623,14.44970471689745,2,0
3.95032904179846,3.460544626510139,376.94507234235925,19.412252446326196,3,0
3.531681655258109,2.3004583288372857,215.01295966770624,12.949567705702286,2,0
6.564266028407886,7.104977857593798,185.544706810901,18.805924611259293,3,0
2.4357723777338722,4.23481418373599,277.37919252862,15.235475308146004,5,0
2.8241552428126875,5.445649411312207,196.3446245862973,15.567972400872934,5,0
5.354758681168559,2.8983997631337712,158.9081936452963,18.98495578058396,1,0
6.692318525480567,1.9128357129063802,349.3551027312657,15.51204627677902,3,0
5.61104793245324,1.9357412452044909,221.2793820216731,24.335223312646352,6,0
4.552225489287578,4.855329822745073,63.193715869237934,17.29966986861179,3,0
4.389222761591816,4.545496675409418,334.74157131500994,23.233241804208895,3,0
7.020883765653073,2.5627837350317577,206.18484943792134,14.190360779728588,1,0
6.718002865941365,3.9431681092580404,307.78322886399246,14.079493132491962,2,0
5.099698503685811,4.925236108034429,358.3441303347885,9.684722425597403,0,0
4.444762601726964,1.8721410404354233,268.9647397011988,15.539212126039816,2,0
5.070544385290607,2.313209050551411,50.0,16.836970485053712,4,0
3.545605102813851,3.8932810033107716,53.63298761389288,18.38514010422936,5,0
4.6996486972102,0.0,182.75918142057344,21.486753723190336,6,0
4.02092665601887,3.931184350790397,244.3143400135233,21.123976947347508,6,0
4.79831036324308,0.7499018809053739,370.0141587526417,23.678206338374032,6,0
4.092631460678197,4.883306781881011,279.1333643318799,13.563493164819008,3,0
6.047903747875999,7.295569654481025,511.7273338971958,18.154121022137822,3,1
6.636810799698871,1.6056633703675296,100.85732623439742,12.999162242756274,5,0
4.240568359570624,0.3007125302749918,262.1291830900082,20.071172096507645,2,0
3.3762406622665377,2.640182738396949,205.45291132331275,27.021275685389462,4,0
6.423243468368345,2.469480433760458,273.46379959413343,12.017858974493967,4,0
5.369517625576883,4.321447648917975,425.16744537778936,21.43773857310612,4,0
4.266527842965956,3.468122621788627,431.49139351663484,23.24320354560322,5,0
7.751103826726414,2.4073394347026302,255.44603692964444,13.536360144813594,4,0
3.869931479067013,3.1812272034495512,336.15138881687903,20.181640974516096,6,0
1.0141273686396475,0.7556951697829488,271.55500006452917,16.200334142595683,3,0
3.584081258736004,4.658430086776534,142.47060966695895,17.394170535984976,0,0
8.236756953782626,6.2359222859097745,251.43204022048587,16.034740520606263,2,0
4.364592537866385,0.6048057244412539,199.48905845884906,16.87562311023717,5,0
3.969121417128085,0.0,243.72305755065892,23.77764888178729,1,0
5.053206242507128,2.1958231465042983,164.7913115879706,17.60429430377083,2,0
7.022126175785804,0.5570590457533506,265.514701868247,14.991654114462794,7,0
4.834200018565683,0.44756463379769773,280.56502529768903,18.344987805812423,2,0
6.1826951638172805,0.195963008704247,320.42530950209203,7.389332936627646,5,0
4.6214675381263834,2.6127952079852017,280.9859944367681,13.915519559109303,4,0
6.198422342292732,2.177155060687904,413.4608848829265,24.242955681246762,2,0
5.360525587803023,3.746513848270339,469.2202440084336,17.273273427561307,2,0
4.204016450221555,1.8739716101746635,209.54682597484077,15.609829936841255,1,0
5.516183953202672,0.5667138089186512,347.0067788682524,18.864849039779134,0,0
3.9149801845705325,2.966234040169762,461.4600177908337,21.68309966450285,2,0
2.2436232963337885,0.882887915311422,349.6122660252315,24.643707150496247,3,0
4.960224412295722,4.0243422385743814,321.7323493926789,15.74486940692297,3,0
2.4212512842203013,0.0,67.8143098229634,15.85990372145649,2,0
